Date,ETH_sent,LINK_sent,DOGE_sent,ADA_sent,BTC_carry,ETH_carry
2020-08-01,-0.111032615,-0.060965173,-0.141594333,-0.037617558,0.0004428388815679303,0.000414955
2020-08-02,-0.0,-0.0,-0.0,-0.0,0.00037311767162789513,0.000374639
2020-08-03,0.035659667,0.043631139,0.015075513,0.026195927,0.00034166912520693283,0.000339014
2020-08-04,0.0,-0.0,0.0,0.0,0.00035107839538385137,0.000357367
2020-08-05,0.0,0.0,-0.0,-0.0,0.00037714282887206535,0.000394434
2020-08-06,0.014959612,-0.051463638,-0.016197896,-0.015137536,0.0003503683496817089,0.000340388
2020-08-07,-0.0,-0.0,-0.0,-0.0,0.00032252079366705164,0.000276917
2020-08-08,0.045578944,0.010304109,0.004964772,0.05655019,0.00036605813578917493,0.000373981
2020-08-09,-0.017506196,-0.017810704,-0.013467638,-0.012599455,0.00034784038836812236,0.000368824
2020-08-10,0.0,0.0,0.0,-0.0,0.0003952365941058882,0.000394822
2020-08-11,-0.042462864,-0.070446592,-0.030383702,-0.049746611,0.00030869355285907956,0.000325713
2020-08-12,0.0,0.0,0.0,-0.0,0.00033585370661599916,0.0003839
2020-08-13,0.0,0.0,0.0,0.0,0.00038790152195300465,0.00053521
2020-08-14,0.0,-0.0,0.0,-0.0,0.00035985918700486594,0.000458751
2020-08-15,-0.0,0.0,-0.0,0.0,0.0003863463012892167,0.000488212
2020-08-16,0.0,0.0,-0.0,0.0,0.0004025551199406826,0.000457366
2020-08-17,-0.0,0.0,0.0,0.0,0.0004268952701481958,0.000498172
2020-08-18,-0.0,-0.0,-0.0,-0.0,0.0003405749435012479,0.000389756
2020-08-19,-0.0,-0.0,-0.0,-0.0,0.0002849927654431617,0.000310021
2020-08-20,0.0,0.0,0.0,0.0,0.00028827380938942497,0.000291754
2020-08-21,-0.069613002,-0.04040639,-0.018277003,-0.085406354,0.00024069679629155045,0.000248781
2020-08-22,0.0,0.0,0.0,0.0,0.00025225400454793764,0.000282838
2020-08-23,0.011527579,0.006198475,0.011012618,0.03033977,0.0002683944620025638,0.000271496
2020-08-24,0.0,0.0,0.0,0.0,0.00027552641509471343,0.000285337
2020-08-25,-0.0,-0.0,-0.0,-0.0,0.0001958049167198135,0.000207982
2020-08-26,0.0,-0.0,0.0,0.0,0.00021783504907879752,0.000245817
2020-08-27,-0.0,-0.0,-0.0,-0.0,0.00017667113257308244,0.000234066
2020-08-28,0.030424505,0.014811752,0.019804466,0.018659326,0.0002179717038141746,0.00027375
2020-08-29,0.0,-0.0,0.0,0.0,0.00022780858454947978,0.000277851
2020-08-30,-0.07323321,-0.041472432,-0.007059211,-0.010611995,0.0002644932415867935,0.00031535
2020-08-31,0.011243497,-0.021307033,-0.027917083,0.042172916,0.00025919175210449563,0.000303199
2020-09-01,0.091596009,0.065691878,0.010483317,0.015548131,0.0002995151176640216,0.000336321
2020-09-02,-0.078518838,-0.101688543,-0.039330558,-0.07992888,0.00017635532362051057,0.000203502
2020-09-03,0.141789024,0.21077859,0.11802375,0.195798684,7.100631126283645e-05,0.000120009
2020-09-04,0.0,0.0,0.0,0.0,0.00010842975634373839,0.000104454
2020-09-05,-0.0,-0.0,-0.0,-0.0,0.00010477725711835237,7.12136e-05
2020-09-06,-0.051740942,-0.008646223,-0.007892075,-0.028479471,9.312572128309593e-05,7.45149e-05
2020-09-07,-0.002236726,-0.004688775,-0.010426804,-0.010741242,0.00012519432190726554,8.08214e-05
2020-09-08,-0.0,-0.0,-0.0,-0.0,0.0001303201534213904,7.24837e-05
2020-09-09,0.03911925,0.00761516,0.011581744,0.024957893,0.00011243578115309572,8.68555e-05
2020-09-10,0.047533921,0.01457487,0.010274492,0.0397111,8.291148698773035e-05,3.89335e-05
2020-09-11,-0.0153733,0.00963373,0.00431889,0.000824317,0.0001284057998061499,3.99003e-05
2020-09-12,0.0,0.0,0.0,0.0,0.00013632712157847515,8.42908e-05
2020-09-13,0.056657952,-0.0,-0.0,0.027390446,0.00010368561120590294,-2.9185e-05
2020-09-14,0.0,0.0,0.0,0.0,0.00014792055799548557,0.000126271
2020-09-15,-0.03524475,0.040611194,0.015215245,-0.036892885,0.00018112486778426473,9.2011e-05
2020-09-16,0.0,-0.0,-0.0,-0.0,0.000197855899886573,0.000154936
2020-09-17,-0.064305687,-0.008883964,-0.000890773,-0.027697228,0.00023328515380201904,0.000186926
2020-09-18,-0.0,0.0,-0.0,-0.0,0.00020684624974183952,0.000104494
2020-09-19,0.002234812,-0.0,0.0,0.005264902,0.0002444033450379921,0.000127795
2020-09-20,0.037582601,0.03012853,0.006183734,0.022681727,0.00021683093749601265,7.14509e-05
2020-09-21,-0.086305993,-0.062748516,-0.065459762,-0.112773781,0.00015683840856359113,9.77797e-06
2020-09-22,0.011248055,0.03514325,0.017556363,0.020212729,0.0001539743932325476,5.54144e-05
2020-09-23,-0.070683468,-0.056597278,-0.038095439,-0.061123457,0.00014675559533512783,2.17557e-05
2020-09-24,0.08441749,0.038902569,0.032974905,0.074294379,0.00018585856322653953,0.000113318
2020-09-25,-0.008417918,-0.001386514,-0.026937403,-0.160706044,0.00017592807869599558,0.000121211
2020-09-26,-0.005667022,-0.021926696,0.001592976,0.015177006,0.00018401858543608135,0.000118102
2020-09-27,0.0,0.0,-0.0,0.0,0.00019396108494006153,0.000120776
2020-09-28,0.009923477,0.015733822,0.016836044,0.009920716,0.00018419262018533878,6.07882e-05
2020-09-29,-0.016336616,-0.014555786,-0.008378625,-0.007944431,0.0001874021923642765,0.000113414
2020-09-30,0.0,-0.0,-0.0,0.0,0.00019122563887179824,0.000112995
2020-10-01,-0.0,0.0,-0.0,-0.0,0.00018167423194458766,8.55237e-05
2020-10-02,-0.0,-0.0,-0.0,-0.0,0.0001747306747817443,8.46596e-05
2020-10-03,0.0,-0.0,0.0,0.0,0.00016320030406104168,7.91351e-05
2020-10-04,0.0,0.0,0.0,0.0,0.00018054772074416886,0.000124564
2020-10-05,-0.00354113,-0.003885781,0.005636822,-0.005354214,0.00019407206901215143,0.000110743
2020-10-06,-0.0,-0.0,-0.0,-0.0,0.00017124510724663924,9.74524e-05
2020-10-07,0.0,0.0,-0.0,0.0,0.0001614944826341726,0.000103653
2020-10-08,0.0,0.0,0.0,0.0,0.0001958252302074468,0.000140126
2020-10-09,0.0,0.0,0.0,0.0,0.000221971403132766,0.000150521
2020-10-10,0.0,0.0,0.0,0.0,0.00023449836266652567,0.000150383
2020-10-11,0.0,0.0,0.0,0.0,0.0002443342705255495,0.000154408
2020-10-12,0.0,0.0,-0.0,0.0,0.000280960135092247,0.000183625
2020-10-13,-0.0,0.0,-0.0,-0.0,0.0002795304457570539,0.000139251
2020-10-14,-0.0,0.0,0.0,-0.0,0.0002508835340782559,0.000128105
2020-10-15,-0.0,0.0,-0.0,-0.0,0.00026246720080539077,0.000160875
2020-10-16,-0.032675082,-0.04667618,0.003346607,-0.023910057,0.0002405623984687597,0.000106726
2020-10-17,0.0,-0.0,-0.0,0.0,0.0002355799474866418,0.000131701
2020-10-18,0.0,0.0,0.0,0.0,0.00025883950805564456,0.000140116
2020-10-19,0.0,0.0,0.0,0.0,0.0002669794021693602,0.000146473
2020-10-20,-0.0,-0.0,0.0,-0.0,0.00028243900071931366,0.000118629
2020-10-21,0.0,0.0,0.0,0.0,0.00029149723074706077,0.000176546
2020-10-22,0.05869704,0.036018025,0.008730365,0.04505516,0.0002950134088842802,0.000161322
2020-10-23,-0.0,0.0,-0.0,-0.0,0.00029963491880173674,0.000174094
2020-10-24,0.0,0.0,-0.0,-0.0,0.00032234456423320065,0.000168262
2020-10-25,-0.0,-0.0,0.0,-0.0,0.0003359202713969106,0.000170943
2020-10-26,-0.0,-0.0,0.0,-0.0,0.00030495821721494197,0.000154378
2020-10-27,0.0,0.0,0.0,-0.0,0.00029597322734312603,0.000150732
2020-10-28,-0.0,0.0,-0.0,-0.0,0.0002625577697716467,0.0001364
2020-10-29,-0.0,-0.0,-0.0,-0.0,0.0002628575504989552,0.000142827
2020-10-30,-0.0,-0.0,0.0,-0.0,0.00027204190103334244,0.00014811
2020-10-31,0.0,0.0,-0.0,-0.0,0.0002747764897616185,0.000148881
2020-11-01,0.0,0.0,0.0,0.0,0.00029363257191609174,0.000165046
2020-11-02,0.035017494,0.040933929,0.022905514,0.063650208,0.00023507705875574995,0.000133834
2020-11-03,0.0,-0.0,-0.0,0.0,0.00025548825039077057,0.000165726
2020-11-04,0.0,-0.0,0.0,0.0,0.00028400680929862037,0.000212361
2020-11-05,0.0,0.0,0.0,0.0,0.0002756238393669227,0.000193763
2020-11-06,0.0,0.0,0.0,0.0,0.0002881742019983259,0.000209473
2020-11-07,0.046466748,0.015165426,0.03206466,0.074375934,0.00033883950997037784,0.000264355
2020-11-08,0.0429291,0.064400668,0.013762538,0.0507254,0.0003228932653750616,0.000247388
2020-11-09,-0.022212749,-0.024409233,-0.013013755,-0.008861295,0.00028460638589368996,0.00021065
2020-11-10,0.013457829,-0.027156196,0.032765677,0.002742189,0.00025535314626706426,0.000205942
2020-11-11,0.0,-0.0,-0.0,0.0,0.00027565478802011906,0.000218935
2020-11-12,-0.0,0.0,0.0,-0.0,0.0002897943716704905,0.000216171
2020-11-13,0.0,-0.0,0.0,0.0,0.0002662397627974937,0.000211552
2020-11-14,-0.033161405,-0.015943099,-0.01523245,-0.020723175,0.00023366978083661302,0.000185073
2020-11-15,-0.0,-0.0,0.0,-0.0,0.00021694653518415454,0.000164345
2020-11-16,0.0,0.0,0.0,0.0,0.0002531739057128481,0.000203517
2020-11-17,0.0,0.0,0.0,0.0,0.00024015747945186895,0.000215047
2020-11-18,-0.007787164,-0.03652573,-0.010704067,-0.026754662,0.00022855579604794286,0.000176225
2020-11-19,0.015079367,0.001422446,0.000584665,0.006400624,0.00023280754680753685,0.000172402
2020-11-20,0.0,0.0,0.0,0.0,0.00024558337377059413,0.000196277
2020-11-21,0.0,0.0,0.0,0.0,0.0002448642118904187,0.000204927
2020-11-22,0.0,-0.0,-0.0,0.0,0.0002567467519765092,0.000209508
2020-11-23,0.083138021,0.112217985,0.097715023,0.056332293,0.00027796525832144613,0.000221072
2020-11-24,-0.0,0.0,0.0,0.0,0.00031712935377659686,0.000225007
2020-11-25,-0.0,-0.0,-0.0,-0.0,0.00030503476841534403,0.000221677
2020-11-26,0.091256948,0.142430121,0.132110804,0.11131688,0.0002869098662665642,0.00021285
2020-11-27,-0.0,-0.0,0.0,0.0,0.0002888941463273311,0.000198952
2020-11-28,-0.035678846,-0.038865665,-0.035777539,-0.151002024,0.00027393677839459044,0.0002018
2020-11-29,0.0,0.0,0.0,0.0,0.00028453204076701655,0.000227926
2020-11-30,-0.06768946,-0.1078168,-0.035587893,-0.031951222,0.0003790301850374649,0.000376699
2020-12-01,-0.052261626,-0.098840926,-0.069745351,-0.10030987,0.0003219177628993001,0.000336115
2020-12-02,0.019676649,0.022484446,0.012358951,0.018021948,0.0003297464891196441,0.000338251
2020-12-03,-0.031270586,0.006993632,-0.019613669,-0.034305383,0.0003322230154532872,0.000342268
2020-12-04,-0.082220933,-0.043879271,-0.043511035,-0.103816804,0.00028500015720442004,0.000279603
2020-12-05,0.0,0.0,0.0,0.0,0.0003219818967458093,0.000289626
2020-12-06,-0.007910985,0.011566444,0.001770591,0.007531574,0.00033465618570887576,0.000315461
2020-12-07,-0.0,-0.0,-0.0,-0.0,0.00032761734546218603,0.000290845
2020-12-08,-0.063429679,-0.058614208,-0.050315608,-0.08684021,0.00029513014212469705,0.000250286
2020-12-09,0.032182773,0.003728565,-0.005088105,0.046764642,0.0002759123350592892,0.000240367
2020-12-10,0.024911189,0.011039498,0.016580525,0.041960337,0.00024933375472275187,0.00023009
2020-12-11,-0.0,-0.0,-0.0,-0.0,0.00023572974762895715,0.000227483
2020-12-12,0.0,0.0,0.0,0.0,0.0002741142387971631,0.000246629
2020-12-13,-0.039116436,-0.029896878,-0.030870398,-0.064893424,0.00035936762963322986,0.000330435
2020-12-14,-0.0,0.0,-0.0,0.0,0.00036500339979024364,0.000308699
2020-12-15,0.0,0.0,-0.0,-0.0,0.0003752556025887874,0.000312708
2020-12-16,0.0,0.0,0.0,0.0,0.00046194965330037963,0.000476158
2020-12-17,-0.008625862,0.004303154,-0.085117807,0.028840611,0.00046330458172488635,0.00047409
2020-12-18,-0.017199915,-0.00833258,-0.038347145,-0.010110324,0.00048530605962666034,0.000506488
2020-12-19,0.006372556,0.015203156,0.015802089,-0.004190077,0.0005552194993906458,0.000543412
2020-12-20,-0.0,0.0,0.0,-0.0,0.0004921043815583901,0.00047053
2020-12-21,-0.0,-0.0,0.0,-0.0,0.0004241076961348353,0.000378396
2020-12-22,0.0,0.0,-0.0,0.0,0.0004915711711470358,0.000401982
2020-12-23,-0.083337206,-0.158177079,-0.187209588,-0.137575277,0.00042993094047364945,0.000299283
2020-12-24,-0.044670036,-0.075183438,-0.199796398,-0.115474216,0.0004851486083053644,0.000332694
2020-12-25,0.0,0.0,-0.0,0.0,0.0004963911483281514,0.0004198
2020-12-26,0.0,0.0,-0.0,0.0,0.0005240430859232027,0.000487299
2020-12-27,-0.072119254,-0.043833525,-0.007483396,0.023766531,0.0005480727262593705,0.00053012
2020-12-28,-0.064026611,-0.064898926,-0.011914662,-0.130723095,0.0005437305106734695,0.000511962
2020-12-29,0.002174494,-0.021999234,-0.022038309,0.078527275,0.0005248312277530226,0.000482864
2020-12-30,0.0,0.0,0.0,-0.0,0.0005386149562378698,0.000499366
2020-12-31,0.021161754,0.047209268,-0.00985378,0.013964031,0.0004422383192395333,0.000408851
2021-01-01,-0.0,-0.0,0.0,-0.0,0.0004137383207182957,0.000387863
2021-01-02,0.060744859,0.036535842,0.616935155,0.013219676,0.0004677598566200053,0.000469222
2021-01-03,-0.233500801,-0.177963841,0.069373619,-0.150084256,0.0005529497467732451,0.000540076
2021-01-04,-0.06255412,0.043717008,0.00608718,-0.088740014,0.0005403214456907487,0.000490358
2021-01-05,0.054315331,0.030600508,0.021154996,0.138440974,0.0005311387181089499,0.00049379
2021-01-06,0.094403621,0.081166236,0.044146452,0.252627677,0.0005956036598948054,0.000572205
2021-01-07,-0.013520995,0.012069724,0.067085588,0.107033134,0.0006060569401479574,0.000639318
2021-01-08,0.006503422,0.024905805,0.000400331,-0.015286204,0.0004974791865453566,0.000575363
2021-01-09,0.047398891,0.274273896,0.044075833,0.084303886,0.000518776870357719,0.000555198
2021-01-10,-0.0,0.0,-0.0,-0.0,0.00045463149547590736,0.000486737
2021-01-11,-0.0,-0.0,-0.0,-0.0,0.0005064558733933928,0.000433132
2021-01-12,-0.034488274,-0.053638511,-0.08897092,0.046698059,0.0005409323937723151,0.000496336
2021-01-13,0.0,0.0,0.0,0.0,0.0005497307633215532,0.000536525
2021-01-14,0.0,0.0,0.0,-0.0,0.0005720617060429587,0.000548305
2021-01-15,0.052583827,0.071367605,0.004076151,0.033005651,0.0005144655286699397,0.000523631
2021-01-16,0.049501835,-0.001958305,-0.012383226,0.149930084,0.0005153024594969914,0.000566408
2021-01-17,-0.003755675,0.021401896,0.015128915,-0.082340892,0.0005053681947672099,0.000572234
2021-01-18,0.0,0.0,0.0,-0.0,0.0005913521264167098,0.00061022
2021-01-19,0.081537325,-0.003759884,-0.014862246,-0.010915158,0.0005554945165357116,0.00061747
2021-01-20,0.0,-0.0,0.0,0.0,0.00046522887618011196,0.000502307
2021-01-21,0.214675451,0.171382512,0.103609802,0.198166344,0.0003162565220698018,0.000313451
2021-01-22,0.103917479,0.049190435,0.041936829,0.124513265,0.00039857108696091846,0.000388243
2021-01-23,0.0,-0.0,0.0,-0.0,0.00041778829345833683,0.000442067
2021-01-24,0.0,0.0,0.0,0.0,0.00042854391634202004,0.000494829
2021-01-25,-0.0,-0.0,-0.0,-0.0,0.0004150362024982468,0.000419162
2021-01-26,0.035840414,-0.01121281,-0.012495569,0.000641044,0.00035790186020919515,0.000368262
2021-01-27,-0.0,-0.0,-0.0,-0.0,0.0002720081119874059,0.000260552
2021-01-28,0.0,0.0,0.0,0.0,0.0003240402225150044,0.00037771
2021-01-29,0.036775282,0.0056173,0.229295087,0.009918966,0.00048234916927454525,0.000499299
2021-01-30,0.001051658,-0.024247289,0.485146272,-0.04633165,0.00038971906121466887,0.000461266
2021-01-31,0.048697646,0.043421168,-0.269470535,0.054334351,0.0003448999444148858,0.000411928
2021-02-01,-0.045878102,-0.037311708,0.060803523,-0.17030867,0.0004064434184538643,0.000478158
2021-02-02,0.0,0.0,-0.0,0.0,0.0005438472364944486,0.000744264
2021-02-03,0.096171475,0.036037263,0.172733135,0.039018873,0.0006102585701693197,0.000757607
2021-02-04,0.042225059,0.058124108,-0.350644133,0.005787382,0.0006042162274457808,0.000703309
2021-02-05,0.0,0.0,-0.0,0.204757319,0.0005993580665659426,0.0007509
2021-02-06,-0.0,0.0,0.0,0.0,0.000677267370543976,0.000720736
2021-02-07,-0.039378927,-0.028763976,0.301250393,0.041147268,0.0005325512891515295,0.000546543
2021-02-08,-0.082461614,-0.084439502,-0.00990018,-0.02286506,0.0007091259491790129,0.000804517
2021-02-09,-0.010786402,-0.060975807,0.116975071,-0.042321801,0.0007094569304203543,0.000778611
2021-02-10,-0.0,-0.0,0.0,0.0,0.0006685190564450479,0.000720646
2021-02-11,0.0,0.0,-0.0,-0.0,0.0007154361392720643,0.000780652
2021-02-12,0.030141172,0.083222471,0.002648001,-0.003995211,0.0007441310594761141,0.000865106
2021-02-13,0.013843437,-0.147883265,0.051876227,0.01226849,0.0007446792694999607,0.000789952
2021-02-14,-0.008043458,0.075124962,-0.055276763,-0.078999064,0.0007748221743431095,0.000819811
2021-02-15,0.011828044,0.006852585,0.103774657,-0.020867936,0.0007714845443799913,0.000799022
2021-02-16,-0.00153879,0.01425871,0.055007683,-0.009899413,0.0007626413021507779,0.000762124
2021-02-17,-0.037390055,-0.01555762,0.076882579,-0.025040183,0.0008578652828954575,0.000885256
2021-02-18,-0.04736615,0.017956332,-0.171776173,-0.02475659,0.0008123854521842436,0.000875875
2021-02-19,-0.007903271,-0.021481412,0.066193543,-0.012379046,0.0007936276577128682,0.000942105
2021-02-20,-0.021717503,-0.058258616,-0.015790987,0.186550333,0.0007340381048788376,0.000778126
2021-02-21,0.0,0.0,0.0,-0.0,0.0007757247289620445,0.000822033
2021-02-22,-0.084094459,-0.1159123,-0.044956189,-0.001739551,0.0006581590181755921,0.000712023
2021-02-23,-0.0,-0.0,-0.0,-0.0,0.0006787826682219566,0.000695955
2021-02-24,0.028428044,0.021384933,0.175366886,0.086628409,0.0006268662533180905,0.000641655
2021-02-25,-0.0,-0.0,-0.0,0.0,0.0005750921468704597,0.000552484
2021-02-26,0.025398277,0.030913012,-0.011216307,-0.143456118,0.0005344056910305845,0.000537679
2021-02-27,0.009329249,-0.00229384,-0.00804187,0.055539193,0.0005135100142021165,0.000570613
2021-02-28,-0.0,-0.0,-0.0,-0.0,0.0005155981750537712,0.000501501
2021-03-01,0.100907203,0.0863356,0.049327732,-0.012084647,0.000527076118492743,0.000524575
2021-03-02,-0.054373736,0.031418457,-0.004542522,-0.058347599,0.0005234954860792162,0.000536198
2021-03-03,-0.052990491,-0.00616311,0.0,0.007956001,0.0005910209385976485,0.000589026
2021-03-04,-0.0,-0.0,-0.0,-0.0,0.0005131682235833419,0.000491245
2021-03-05,-0.007119742,-0.016139518,-0.009204708,0.041115733,0.000498029933584901,0.000502028
2021-03-06,0.0,0.0,0.0,-0.0,0.0005049553025444002,0.000550992
2021-03-07,-0.044911902,-0.031823639,-0.019978148,-0.00125696,0.0005796895332188344,0.000609185
2021-03-08,0.0,0.0,0.0,-0.0,0.0005772681171924039,0.000594645
2021-03-09,0.0,0.0,-0.0,0.0,0.0006333233239785076,0.000644829
2021-03-10,0.041139249,-0.001740581,0.035906192,0.055460793,0.0006696383371424673,0.000700247
2021-03-11,0.016935421,0.006532155,0.001062633,-0.007364084,0.0007624675547016773,0.000770084
2021-03-12,-0.033233567,-0.020969444,-0.011789525,-0.085594126,0.0007047774038770166,0.00070377
2021-03-13,0.0,0.0,0.0,0.0,0.0009236848216989819,0.000935885
2021-03-14,0.039390312,0.073278207,0.07553697,0.044208404,0.0009112155400214215,0.000907915
2021-03-15,0.030000218,0.053620477,0.021737099,0.020543473,0.0006485818174532057,0.000712706
2021-03-16,0.006469205,0.010079005,0.029090495,0.191977064,0.0006479537996014461,0.00070421
2021-03-17,0.01017453,0.024429523,-0.013020304,0.097371853,0.0006761274922398893,0.000739589
2021-03-18,-0.0,-0.0,-0.0,-0.0,0.0006592123513830128,0.000710195
2021-03-19,-0.018420795,-0.007920535,-0.015549335,-0.051905675,0.0007063714153477265,0.00075513
2021-03-20,-0.00165966,0.006888704,0.009762109,-0.075605086,0.0007576019751504771,0.000766253
2021-03-21,-0.0,-0.0,-0.0,-0.0,0.0006853203391285832,0.000697887
2021-03-22,-0.0,-0.0,-0.0,-0.0,0.0006157481457388946,0.000620738
2021-03-23,0.007697743,-0.003314281,0.028360788,-0.013427378,0.0006360599454198618,0.000642677
2021-03-24,-0.053084538,-0.074228464,-0.035359917,-0.043357924,0.0005505657649602912,0.000588384
2021-03-25,-0.002462449,0.002998883,0.004546276,-0.024559817,0.000530571588776464,0.000532946
2021-03-26,0.06889449,0.067488639,0.050677687,0.102783265,0.0005493946250648369,0.0005806
2021-03-27,0.0,-0.0,0.0,-0.0,0.0006169205293152892,0.00063301
2021-03-28,0.015072469,0.00709692,0.014253499,-0.011028545,0.0006024798302049306,0.000639191
2021-03-29,0.0,0.0,0.0,0.0,0.0007130622968351817,0.000758768
2021-03-30,0.012971854,0.014155833,-0.002288108,0.007869882,0.0007936697109855851,0.000812366
2021-03-31,0.041981467,0.028704364,-0.004275771,-0.016624062,0.0008320369980368701,0.000886736
2021-04-01,0.0,0.0,0.0,-0.0,0.0008506319141082179,0.000917762
2021-04-02,-0.08080967,-0.042176303,0.076306527,-0.005232239,0.0008746241109461172,0.000909891
2021-04-03,0.060454743,-0.0,-0.0,0.023466873,0.000821767900049933,0.000860832
2021-04-04,0.032895496,0.055339077,0.033358392,0.016789052,0.0008421447688738324,0.000921307
2021-04-05,-0.015151841,-0.143342145,-0.044386234,-0.024848178,0.0009930056425347209,0.001058028
2021-04-06,-0.002289323,-0.023349741,-0.070855383,-0.032635415,0.0008946701238007911,0.000959609
2021-04-07,-0.073021477,-0.072887237,-0.091437691,-0.064674846,0.0007608150480456419,0.000805763
2021-04-08,0.057875707,0.043555579,0.049892274,0.03817669,0.0008665388867796497,0.00089769
2021-04-09,0.006553637,0.019050287,0.003177395,0.014248962,0.0008906351802182294,0.000932407
2021-04-10,0.031723751,0.064255295,0.033982896,0.012779779,0.0011105657043703398,0.001154261
2021-04-11,0.0,0.0,0.0,0.0,0.0011177803668890405,0.001167044
2021-04-12,-0.006374394,-0.02832459,-0.049584035,0.039386593,0.001104788612141444,0.001103642
2021-04-13,0.07283108,0.105712488,0.288631656,0.072021052,0.0012530779522481033,0.001277356
2021-04-14,-0.056403757,-0.089431927,-0.251799587,-0.026864973,0.0010193882019161843,0.001066294
2021-04-15,-0.032930377,-0.059517346,-0.40662036,-0.018627293,0.0010603783603067415,0.00110224
2021-04-16,-0.037020783,0.243748019,0.695129204,-0.047313444,0.0009066920283682472,0.000982231
2021-04-17,-0.04433807,-0.106788269,-0.25830687,-0.030147248,0.0008235378205357043,0.000873687
2021-04-18,-0.0,-0.0,0.0,-0.0,0.0005954288295412413,0.000656013
2021-04-19,-0.033900935,-0.087232946,0.237902409,-0.066731072,0.0006650340756593225,0.000706831
2021-04-20,-0.075254537,-0.054072536,0.25356566,-0.058837391,0.0006470756909306327,0.000720118
2021-04-21,0.0,-0.0,-0.0,-0.0,0.000695922140590447,0.000847454
2021-04-22,-0.017194956,0.063711762,0.159790739,0.050769556,0.0006088571734170271,0.000734679
2021-04-23,0.012821953,0.016237461,0.042499985,-0.012733272,0.0005496855085628211,0.000657463
2021-04-24,-0.067280878,-0.085693028,0.077699314,-0.049348292,0.0005135383838137853,0.000620816
2021-04-25,-0.047271165,0.015092356,0.070621181,0.010546227,0.0005681781971385824,0.000670621
2021-04-26,0.087468073,0.112087349,0.076566435,0.125723569,0.0006484462008609644,0.000740102
2021-04-27,-0.05138154,-0.047955102,-0.002610632,-0.054105498,0.0006369765935780042,0.000757187
2021-04-28,0.0,0.0,0.0,0.0,0.0006571059373864088,0.000737416
2021-04-29,0.0,-0.0,-0.0,-0.0,0.0006415429899927885,0.000700008
2021-04-30,0.005562945,0.122844744,0.10182397,0.035273444,0.0006902174191494732,0.000734972
2021-05-01,0.060310131,0.008263022,0.146928039,-0.001183082,0.000698788150425088,0.000695468
2021-05-02,-0.001625291,0.031905217,0.044199444,0.01859442,0.0006597414154824061,0.000677309
2021-05-03,0.151207416,0.043050623,0.165821223,0.026406384,0.0006445434693747462,0.00059559
2021-05-04,-0.057595695,-0.065265208,0.198864971,-0.070241632,0.0005186542278408942,0.000516934
2021-05-05,0.084402758,0.424324452,0.194245577,0.153047536,0.0006968711990265451,0.000657184
2021-05-06,-0.009846116,0.037658529,-0.11825333,0.108322741,0.0006288740682684979,0.000622607
2021-05-07,0.002927142,0.118419307,0.0,-0.002362134,0.0006104260592208481,0.000633845
2021-05-08,0.116706641,0.041020077,-0.079535458,-0.019486888,0.0007176473102689118,0.000615745
2021-05-09,0.0,0.0,-0.0,0.0,0.0006790915442538535,0.000634104
2021-05-10,0.005573197,-0.077511129,-0.235850337,-0.072789265,0.0006052472926321083,0.000617337
2021-05-11,-0.056071035,-0.158023519,-0.090145742,-0.071032642,0.0006502012404447484,0.0006846
2021-05-12,0.087652648,0.22439473,0.230795508,0.116436959,0.000515691184717507,0.000534491
2021-05-13,-0.027928701,0.017683969,0.223041401,0.206619347,0.0005051990502789351,0.000584642
2021-05-14,0.091711518,0.029639337,0.134136481,0.039278515,0.0004513733492320627,0.000553327
2021-05-15,0.111056036,0.101077407,0.095855253,-0.080161521,0.00037333027063495656,0.000457229
2021-05-16,0.017867944,0.004327678,-0.010075898,-0.056243311,0.0003787249206552952,0.000489639
2021-05-17,-0.087340847,-0.086755051,-0.052349147,-0.124615514,0.0003468496959216765,0.000471765
2021-05-18,-0.027807691,-0.01813802,0.024418804,0.013434999,0.00034625155724573735,0.000503788
2021-05-19,0.324860746,0.450102366,0.367446889,0.312203342,0.00024178286028363316,0.000261293
2021-05-20,0.126793683,0.163227811,0.187971574,0.205377722,0.00023901061405128,0.000255958
2021-05-21,0.130054533,0.173372543,0.105477899,0.150316727,0.00018873156670408365,0.000234054
2021-05-22,0.057618271,0.087580134,0.045136775,0.057382449,0.0001855506105478008,0.000191225
2021-05-23,-0.0,-0.0,-0.0,-0.0,0.0001502051621292506,0.000191349
2021-05-24,-0.233750194,-0.311174256,-0.17766979,-0.165255117,0.00020181842841790227,0.00026774
2021-05-25,-0.021175565,0.047823125,0.055951772,-0.002062388,0.00020788087546537765,0.000277977
2021-05-26,0.0,0.0,0.0,0.0,0.000245359523913175,0.00027279
2021-05-27,-0.0,-0.0,-0.0,-0.0,0.00023804619420962617,0.000279159
2021-05-28,-0.0,-0.0,-0.0,-0.0,0.0002141562324213682,0.000253262
2021-05-29,-0.0,-0.0,-0.0,-0.0,0.00019199318585346606,0.000233387
2021-05-30,0.045987283,0.014768618,-0.00334111,0.11577724,0.0001981816849457199,0.000233856
2021-05-31,-0.125917019,-0.059836631,-0.075846081,-0.098013422,0.0002464216951564743,0.000276346
2021-06-01,-0.0,-0.0,0.0,-0.0,0.00021998830838912073,0.000249995
2021-06-02,0.0,0.0,0.0,0.0,0.00025447837198662535,0.000273732
2021-06-03,0.0,0.0,-0.0,0.0,0.0002571881190586706,0.000284286
2021-06-04,0.060500603,0.069354596,0.063079101,0.07749443,0.0002550290427949351,0.000268615
2021-06-05,-0.0,-0.0,-0.0,-0.0,0.00023513057931996234,0.000242716
2021-06-06,-0.031536515,-0.010402956,-0.00035006,-0.013204681,0.00022181550012585394,0.000244041
2021-06-07,0.045207803,0.095317801,0.113853282,0.068605373,0.00020274722868583449,0.00018067
2021-06-08,-0.0,-0.0,-0.0,0.0,0.00017733538344724307,0.000181839
2021-06-09,0.040240626,0.062966676,0.05178725,0.028664184,0.00025497535764291865,0.000259557
2021-06-10,0.054759836,0.053271008,0.051173677,0.060194712,0.00021939827529565795,0.000216558
2021-06-11,-0.048539092,-0.040866358,-0.022831192,-0.064468934,0.0002247758981555502,0.000196447
2021-06-12,0.0,0.0,-0.0,0.0,0.00020597216449252565,0.000204911
2021-06-13,-0.056813643,-0.056086959,-0.037042437,-0.051205387,0.00025715380383596983,0.000235757
2021-06-14,0.028072019,0.044694122,0.011448691,0.012956939,0.0002506398371515768,0.000259692
2021-06-15,-0.0,-0.0,-0.0,-0.0,0.00024997253190767773,0.000256435
2021-06-16,-0.0,-0.0,-0.0,-0.0,0.0001869266758671806,0.000148725
2021-06-17,-0.002273701,-0.008753452,0.005081941,0.001684807,0.00015819799147082667,0.000153218
2021-06-18,-0.060438978,-0.061525562,-0.04307804,-0.045749466,0.00010813028775419528,9.70199e-05
2021-06-19,-0.0,-0.0,-0.0,-0.0,0.00011780105981883233,8.31621e-05
2021-06-20,0.0,0.0,-0.0,-0.030178078,0.00013883552284863239,0.000134897
2021-06-21,-0.0,-0.0,-0.0,-0.0,7.813638738623019e-05,4.95805e-05
2021-06-22,-0.003299009,-0.025216465,0.064930097,-0.014845598,0.00013906149867349166,9.99962e-05
2021-06-23,0.04620021,0.062691627,0.2074165,0.078531967,0.0001352700948034861,0.000103299
2021-06-24,-0.010804469,-0.029530669,-0.116854627,-0.083675683,0.00012464627990898622,0.000122224
2021-06-25,0.095218705,0.080669239,0.105120436,0.082956632,0.0001488192691001028,7.2389e-05
2021-06-26,0.011444527,0.022800283,0.034683165,0.0,0.00013061191247650341,6.90561e-05
2021-06-27,0.0,0.0,0.0,0.0,0.00011915104614308712,9.88935e-05
2021-06-28,-0.050238144,-0.049090112,0.02849283,0.00900907,0.0001374975321754497,0.000100665
2021-06-29,-0.038086933,-0.043249351,0.0,-0.034831235,0.00014973640302517528,9.04686e-05
2021-06-30,0.0,0.0,-0.0,0.0,0.0001542972602211197,0.000164309
2021-07-01,-0.0,-0.0,-0.0,-0.0,0.0001221515363791208,0.000108451
2021-07-02,0.0,-0.0,0.0,0.0,0.00013756584712862203,0.000122989
2021-07-03,0.0,0.0,0.0,0.0,0.0001359932667678739,0.000131573
2021-07-04,0.0,0.0,0.0,0.0,0.00012748864389319997,0.00012706
2021-07-05,-0.055847154,-0.043496925,-0.06422746,-0.040209228,0.00011529030519514981,0.000108985
2021-07-06,0.0,0.0,0.0,0.0,0.000147400954718692,0.00012988
2021-07-07,-0.0,-0.0,-0.0,-0.0,0.0001243436066130106,0.00014484
2021-07-08,-0.0,-0.0,-0.0,-0.0,0.00010542987269190199,9.35236e-05
2021-07-09,0.0,0.0,0.0,0.0,0.00015614721103082162,0.000139995
2021-07-10,0.017051953,0.014424384,0.027137205,0.011020216,0.00013255793591940643,0.000108624
2021-07-11,0.014001179,0.002351642,0.010332401,0.009612235,0.00016234539775858702,0.000134088
2021-07-12,0.052202272,0.037910215,0.038804075,0.026982961,0.00014372673472303404,0.000106324
2021-07-13,-0.046048526,-0.030658285,-0.038168078,-0.036937781,0.00010431202115064582,5.68973e-05
2021-07-14,0.0,0.0,-0.0,-0.0,8.949110806388527e-05,6.8673e-05
2021-07-15,-0.0,-0.0,-0.0,-0.0,6.258161988116326e-05,4.00749e-05
2021-07-16,-0.022789511,-0.040008916,-0.074581227,-0.045906416,6.190661674655731e-05,3.35665e-05
2021-07-17,0.0,-0.0,0.0,0.0,7.506557687663575e-05,6.94733e-05
2021-07-18,0.004193896,-0.004233464,0.031283893,-0.007818515,8.999250054553892e-05,5.25902e-05
2021-07-19,0.039305722,0.053902314,0.044772251,0.051057186,5.1234731424922525e-05,1.57245e-05
2021-07-20,-0.018143176,-0.040476623,-0.018309675,-0.063060772,6.056983519966706e-05,2.47521e-05
2021-07-21,0.110899366,0.077754483,0.110882871,0.105445909,0.00010745767225381965,7.92727e-05
2021-07-22,-0.014457747,-0.026237399,-0.004034693,-0.012305497,0.00010379994551756931,7.72313e-05
2021-07-23,0.0,0.0,0.0,0.0,0.0001477303181415923,0.000102145
2021-07-24,0.0,0.0,0.0,0.0,0.00019456666276628924,0.000122848
2021-07-25,0.0,-0.0,0.0,-0.0,0.00019898942218228544,0.000147236
2021-07-26,-0.017334579,-0.055778922,-0.028342079,-0.021502741,0.0001865033103409651,0.000136857
2021-07-27,0.031547131,0.042366458,0.010892237,0.019566699,0.00019478443432978582,0.000169456
2021-07-28,0.000612992,0.018750796,-0.000534513,0.005920404,0.00021613217258962454,0.000170346
2021-07-29,-0.035026276,-0.052358408,0.0035057,0.001476818,0.0002171161391850616,0.000201825
2021-07-30,0.032570225,0.025411977,0.017934015,0.019412102,0.0002308762269666642,0.000224491
2021-07-31,0.0,-0.0,-0.0,0.0,0.00022622290939770378,0.000224019
2021-08-01,0.0,-0.0,-0.0,-0.0,0.00019802055174652396,0.000186971
2021-08-02,0.0,0.0,-0.0,-0.0,0.00020611379847358406,0.000174069
2021-08-03,0.038273074,0.008688473,0.035094834,-0.045790142,0.0001895326662160698,0.00015356
2021-08-04,0.082487481,0.013132843,0.026497943,0.005025319,0.00019636913505727936,0.000184016
2021-08-05,0.03682485,0.004880689,-0.002882133,0.006805702,0.00020317605619045564,0.000182523
2021-08-06,0.022590524,0.016332283,0.019075424,0.01190661,0.00022244897277418134,0.000203342
2021-08-07,0.0,0.0,0.0,0.0,0.00022360356960573035,0.000224696
2021-08-08,-0.0,-0.0,-0.0,-0.0,0.0002005077716582229,0.000185199
2021-08-09,0.0,0.0,0.0,0.0,0.00024063721831886625,0.000238914
2021-08-10,-0.0,0.0,0.0,0.0,0.00022368707610724288,0.000224899
2021-08-11,0.00597892,0.046708093,0.027331751,0.066510651,0.00022644569515610624,0.000210937
2021-08-12,0.036914121,0.023089614,0.001665216,-0.021513323,0.00022612220734429008,0.000221337
2021-08-13,0.086847212,0.076553447,0.082344747,0.154524826,0.00027233131905499174,0.000283096
2021-08-14,0.017967283,-0.055921648,-0.025316064,-0.022745063,0.0002480909730072256,0.000264156
2021-08-15,0.0,0.0,0.0,-0.0,0.0002463743620144065,0.000267445
2021-08-16,-0.04976839,-0.043748305,-0.061529869,-0.044980566,0.0002195484584961124,0.000244742
2021-08-17,0.043788914,0.052004098,0.065398406,0.073870331,0.00021400713513990748,0.000221575
2021-08-18,0.0,-0.0,0.0,0.0,0.0002109737608582381,0.000220805
2021-08-19,0.05472539,0.043029543,0.046966666,0.148465887,0.00025279374389272353,0.000275034
2021-08-20,0.0311359,0.050475325,0.029609517,0.005963096,0.000259487810410621,0.000278833
2021-08-21,-0.0,-0.0,-0.0,-0.0,0.0002573830454908863,0.000271844
2021-08-22,-0.004509845,0.004852181,0.006177846,-0.105487865,0.0002724131771836219,0.000287878
2021-08-23,-0.025394396,-0.008781924,-0.009992178,-0.074873485,0.00026417915313810833,0.000289758
2021-08-24,-0.0,-0.0,-0.0,-0.0,0.00023185025743329825,0.000257898
2021-08-25,0.0,0.0,0.0,0.0,0.0002598522636883592,0.000273015
2021-08-26,-0.0,-0.0,-0.0,-0.0,0.00023602677182211248,0.000252427
2021-08-27,-0.056638321,-0.048153574,-0.092460982,-0.153019842,0.0002674128904263413,0.000292158
2021-08-28,-0.008889384,0.016529302,-0.028947576,-0.03418251,0.0002647973547303096,0.000295028
2021-08-29,0.006496672,-0.018995669,0.017993077,-0.001404002,0.0002511794370817461,0.000295295
2021-08-30,0.001912257,-0.041201429,-0.032196668,-0.041904072,0.00023021138872261513,0.000290554
2021-08-31,-0.059956322,-0.00661941,-0.022178695,-0.011997963,0.00024458806853251566,0.000311807
2021-09-01,0.0,0.0,0.0,0.0,0.0002794858665107325,0.000333004
2021-09-02,-0.010771663,0.013030487,0.001358235,0.031225731,0.0002718072837185881,0.000337022
2021-09-03,0.0,0.0,0.0,0.0,0.0003007076485428292,0.000345423
2021-09-04,-0.0,-0.0,0.0,-0.0,0.0002911181491942728,0.000331388
2021-09-05,0.0,0.0,0.0,0.0,0.00033899561581609785,0.00037684
2021-09-06,-0.0,0.0,-0.0,-0.0,0.0003537340294369087,0.000412429
2021-09-07,-0.0,-0.0,-0.0,-0.0,0.0002882853240338698,0.000312497
2021-09-08,0.018585477,-0.016017108,0.005860536,-0.01765696,0.0002521469565935412,0.000284069
2021-09-09,0.02139618,0.001812416,0.016496839,-0.019246785,0.0002573076680566397,0.000301555
2021-09-10,0.0651653,0.050537722,0.052023107,0.055104738,0.0002548362774792016,0.000249097
2021-09-11,0.018020676,0.011383522,0.005408792,0.101660856,0.0002581413593692409,0.000251483
2021-09-12,0.0,0.0,0.0,-0.0,0.0002700985858962769,0.000271232
2021-09-13,0.03553971,0.051415417,0.05927661,0.071875197,0.00025702034987767685,0.000250682
2021-09-14,0.044360312,0.042403547,0.020151815,-0.002501043,0.00028499081428407137,0.000304612
2021-09-15,0.050857166,0.018403056,0.028678737,0.044488054,0.0002789176725790889,0.000315128
2021-09-16,-0.0,-0.0,-0.0,-0.0,0.00028499807257107714,0.000311337
2021-09-17,-0.0,-0.0,-0.0,-0.0,0.0002677420410613291,0.000276654
2021-09-18,0.0,0.0,0.0,0.0,0.0002854600530245032,0.000288281
2021-09-19,-0.031645422,-0.03566332,-0.034573427,-0.03782144,0.00024268809365449295,0.000250918
2021-09-20,-0.0,-0.0,-0.0,-0.0,0.00020101063730998015,0.000228115
2021-09-21,-0.073644053,-0.071206486,-0.037611271,-0.045764443,0.0001890802951988047,0.000215874
2021-09-22,0.0,0.0,0.0,0.0,0.00020839253330841523,0.000235743
2021-09-23,-0.024266692,-0.009087667,-0.000445335,-0.030543386,0.00020152440822792528,0.000226574
2021-09-24,0.073695198,0.073565329,0.071508436,0.021721097,0.00016211271928723192,0.000161442
2021-09-25,-0.002324684,0.006405923,-0.003833258,0.010050336,0.00017005802269360993,0.000167479
2021-09-26,0.0,-0.0,-0.0,-0.0,0.00020432769537686665,0.00020805
2021-09-27,0.044712843,0.0306723,0.026193739,0.035512148,0.0001860444831239458,0.000180795
2021-09-28,-0.0,-0.0,-0.0,-0.0,0.00015692331345216947,0.000159386
2021-09-29,-0.016105424,-0.02231351,-0.011133718,-0.014136233,0.00016554670152089243,0.000169048
2021-09-30,0.0,0.0,0.0,0.0,0.00018733284684543664,0.000206185
2021-10-01,0.0,0.0,0.0,0.0,0.00022481136955878836,0.000255852
2021-10-02,0.0,0.0,-0.0,-0.0,0.0002205739228781329,0.000245466
2021-10-03,0.008807652,0.03366002,0.01499006,0.001778569,0.00024177185143083518,0.000283185
2021-10-04,0.009235755,0.036199013,-0.084679234,0.027016501,0.00027207871772974064,0.000297637
2021-10-05,0.037375503,0.07653052,0.041385216,0.018987912,0.0002650924059314684,0.000305864
2021-10-06,0.01681807,0.037310369,0.009887365,-0.010806048,0.00027729491610272,0.000317124
2021-10-07,-0.003512812,0.009443248,0.045489831,-0.030757941,0.0002876379468093875,0.000346216
2021-10-08,-0.006807847,-0.025011656,0.005339918,-0.018162183,0.00029820064254107225,0.000351261
2021-10-09,-0.003275453,-0.031371237,-0.010595046,-0.013762703,0.00034156994318996613,0.000360514
2021-10-10,-0.0,-0.0,-0.0,-0.0,0.00033301443521803085,0.000336494
2021-10-11,-0.036776355,-0.027995083,-0.010434877,0.008256928,0.0003876647808990218,0.000372347
2021-10-12,0.014405431,0.022537113,0.022305758,0.024715644,0.0003692129158431125,0.000352063
2021-10-13,0.0,0.0,0.0,0.0,0.00039452768544273364,0.000391526
2021-10-14,0.049589519,0.009054388,-0.000430015,-0.008253142,0.00038861867813392317,0.000408838
2021-10-15,0.0,0.0,0.0,0.0,0.000407507652232958,0.00042962
2021-10-16,-0.0,-0.0,0.0,-0.0,0.0003785141131979258,0.000409218
2021-10-17,0.0,-0.0,0.0,-0.0,0.000389681432488825,0.000411926
2021-10-18,-0.0,-0.0,0.0,-0.0,0.000390676122510443,0.000407261
2021-10-19,-0.034658461,-0.011382237,0.008116928,0.008494624,0.00041780442416739817,0.000433528
2021-10-20,-0.070722082,-0.0414879,-0.037589391,-0.037213596,0.0004632784540742739,0.000486686
2021-10-21,0.026336598,0.033596725,0.04988967,0.024498567,0.0004362778465280894,0.000455284
2021-10-22,-0.020134783,0.000801732,0.009034969,0.008851677,0.00039413078097744495,0.000422716
2021-10-23,0.0,0.0,0.0,0.0,0.0004161906727371402,0.000468394
2021-10-24,0.020557246,0.019097106,-0.093099273,0.02146606,0.00041556239409354145,0.00044555
2021-10-25,0.033254898,0.006620937,-0.038843426,0.011257155,0.0004521419584254557,0.000499085
2021-10-26,0.021277424,0.015245187,0.03532037,0.003270267,0.0003804722614149265,0.000423037
2021-10-27,-0.05204365,-0.109563923,-0.072936326,-0.111253162,0.0003281322584624539,0.000358037
2021-10-28,0.088756836,0.053779261,0.230931557,0.038476149,0.0004070074771412757,0.000450656
2021-10-29,0.03052997,0.027441006,-0.039127291,0.013993232,0.0004171359198314583,0.000473753
2021-10-30,0.022012953,0.016100678,0.068943304,0.030229002,0.0004014765171100185,0.000430248
2021-10-31,0.008239409,-0.019625059,-0.040078224,-0.004593016,0.0003776827660181513,0.000407722
2021-11-01,0.007487277,-0.016895148,-0.030459207,-0.007666789,0.0003780946147916493,0.000413087
2021-11-02,0.06073261,0.019404979,0.008432681,0.011224608,0.0004552316448102505,0.000467481
2021-11-03,0.002928241,0.020837533,-0.018423513,0.045620206,0.000449192958896535,0.000465764
2021-11-04,0.01555035,0.025527658,0.022185531,0.039550385,0.00041851243818510876,0.000449286
2021-11-05,-0.0,0.0,-0.0,-0.0,0.0004023832412929396,0.000438471
2021-11-06,-0.009732913,0.017382937,-0.003443661,-0.011537625,0.0003736325630642486,0.000395979
2021-11-07,0.020720103,0.021890081,0.017418085,0.007948378,0.0004229237489426198,0.000452945
2021-11-08,-0.041487516,-0.061368946,-0.056553459,-0.050179364,0.000495941798916958,0.000489929
2021-11-09,-0.015859356,0.116807901,-0.029885212,0.066008029,0.00045157660515816043,0.000448371
2021-11-10,0.022124347,0.079148798,0.069227862,0.07927208,0.00036905852303636814,0.000398651
2021-11-11,-0.019303578,-0.019273025,-0.020163537,0.008620743,0.0003642628980663728,0.000403948
2021-11-12,-0.0,-0.0,-0.0,-0.0,0.0003439864410771845,0.000380701
2021-11-13,-0.0,-0.0,0.0,0.0,0.000338134976687795,0.000373488
2021-11-14,0.003835712,-0.020668344,-0.005724114,0.004889985,0.00034004061691751767,0.000379531
2021-11-15,0.013649415,0.020668344,0.023874834,0.011338549,0.0003200897992719364,0.000357918
2021-11-16,-0.080745589,-0.10743264,-0.081570244,-0.073536075,0.0002870392860047174,0.00030909
2021-11-17,0.018368142,-0.004694844,0.003798274,0.001066667,0.00031824321850329614,0.000327944
2021-11-18,0.07025472,0.070674958,0.072489168,0.049163368,0.00027350507936383604,0.00030673
2021-11-19,0.0,0.0,0.0,0.0,0.0003101348855023739,0.00034061
2021-11-20,0.0,0.0,0.0,0.0,0.0003335641522382434,0.000373807
2021-11-21,0.035494264,0.017430763,0.032718295,0.046321829,0.0003280978373687796,0.000361684
2021-11-22,-0.041313214,-0.030940327,-0.026967926,-0.032680837,0.0002993544304357628,0.000331957
2021-11-23,-0.060186153,-0.025178635,-0.031834116,0.014176591,0.00031609799939277274,0.000345598
2021-11-24,-0.016281374,0.080217793,-0.043288995,-0.04976151,0.0003045694331967855,0.000333709
2021-11-25,0.058120494,-0.003237296,0.017812757,0.005387622,0.0003374120339167832,0.000379972
2021-11-26,0.11304275,0.101441128,0.091424574,0.088586565,0.0002396167760884451,0.000279021
2021-11-27,0.0,0.0,0.0,0.0,0.00024254959296186006,0.0002694
2021-11-28,-0.047562799,-0.010606428,-0.011644964,-0.032518007,0.00031196644857515,0.000324286
2021-11-29,0.0,0.0,0.0,0.0,0.0002946935643023269,0.00032745
2021-11-30,-0.040938895,0.007858244,0.001396323,0.029796182,0.0003020597771076444,0.000344405
2021-12-01,-0.010270126,0.000701017,-0.025473075,-0.003868477,0.0002991016587839051,0.000335303
2021-12-02,0.015777485,0.016070986,-0.00095511,-0.104778951,0.00026622340782883115,0.000317142
2021-12-03,0.067742643,0.053572813,0.046906498,0.099624301,0.0002158748673111862,0.000275957
2021-12-04,-0.023637303,-0.117876954,-0.115472051,-0.091461554,0.0002020164884424754,0.000212393
2021-12-05,0.019051082,-0.043626007,-0.039512727,-0.030023699,0.0002002368734910156,0.000216607
2021-12-06,-0.035385122,-0.047001537,-0.036701367,-0.030023699,0.0002424367629069526,0.000256679
2021-12-07,-0.0,-0.0,-0.0,-0.0,0.0002482986678563438,0.000277052
2021-12-08,-0.0298559,-0.012779057,-0.015766092,-0.012977832,0.00026631268193480387,0.000293966
2021-12-09,-0.07759655,-0.068487468,-0.05689555,-0.07974428,0.0002511760936179325,0.000300795
2021-12-10,0.05191343,0.022543786,0.030014258,0.062420259,0.00021810490978735298,0.000242102
2021-12-11,0.047942716,0.046115755,0.028830826,0.11161671,0.00022559722079273356,0.000253677
2021-12-12,-0.009886483,0.002834407,-0.004725348,0.005925943,0.00022420765811545143,0.00024944
2021-12-13,0.088042946,0.082337916,0.075877362,0.095830375,0.00020826266652416428,0.000223134
2021-12-14,0.02017103,0.034944156,0.193594921,0.034555467,0.00023767090039491902,0.000251093
2021-12-15,0.04064753,0.024424552,-0.054358283,0.034927881,0.00024412674866353985,0.000265604
2021-12-16,-0.0,-0.0,-0.0,-0.0,0.00023740692916820306,0.000258067
2021-12-17,0.021112595,0.031991602,0.027511246,0.01790121,0.00024167158387685138,0.000257395
2021-12-18,0.0,0.0,0.0,0.0,0.0002481701588047932,0.000256112
2021-12-19,0.009079129,0.006678206,0.016974361,-0.000804829,0.0002466131973123978,0.000254133
2021-12-20,0.005233292,-0.006025511,-0.013670347,-0.004838719,0.0002508941960743124,0.000267408
2021-12-21,0.0,0.0,0.0,0.0,0.0002583369011627588,0.000269878
2021-12-22,-0.0,0.0,0.0,0.0,0.00025798597146104,0.000272873
2021-12-23,0.032607339,0.039168037,0.067064231,0.105737234,0.00028154146252516867,0.000286517
2021-12-24,-0.015948324,-0.008375628,0.00646554,-0.057916428,0.00028704538220873925,0.000289318
2021-12-25,0.0,0.0,0.0,0.0,0.0002702748188967961,0.00033963
2021-12-26,-0.0,-0.0,-0.0,0.0,0.00027329745363043154,0.000335362
2021-12-27,-0.0,0.0,-0.0,0.0,0.00028035680606481065,0.000336079
2021-12-28,-0.062467464,-0.058182946,-0.077429485,-0.079603051,0.0002532340722016831,0.000313825
2021-12-29,-0.0,-0.0,-0.0,-0.0,0.00023272303816016315,0.000308623
2021-12-30,-0.021550103,-0.003713163,-0.018284201,-0.020067563,0.00021528251190714129,0.00028785
2021-12-31,0.008947321,0.003480686,0.004686593,0.038249882,0.00021907093523281738,0.000279701
2022-01-01,0.024003507,0.033374526,0.016885408,0.053584246,0.00023387713430837747,0.000292292
2022-01-02,-0.016521727,-0.006498622,-0.007477746,0.002176279,0.00023309080977449047,0.000288858
2022-01-03,-0.0,-0.0,-0.0,-0.0,0.00024152920093575348,0.00029012
2022-01-04,0.005090727,-0.01763796,-0.011219486,-0.007610387,0.00023973675747384704,0.000278469
2022-01-05,0.066770271,0.067054757,0.0574379,0.062249318,0.0002286074912682205,0.000280349
2022-01-06,-0.038528308,0.001001001,0.005644418,0.039845909,0.00020410419744061416,0.000251168
2022-01-07,-0.062863088,-0.035904557,-0.031123503,-0.056239718,0.0002050017118616325,0.000239088
2022-01-08,0.037675291,0.033749578,0.026807751,0.024258822,0.00020757197737900605,0.000246166
2022-01-09,0.022789663,0.010404256,-0.002654282,-0.009357788,0.0002094931924378208,0.000252782
2022-01-10,0.022228306,0.03566018,0.050419398,0.041000073,0.00020152599417362635,0.000235057
2022-01-11,-0.049687558,-0.016907957,-0.072109371,-0.05542544,0.00020470153194410086,0.000229562
2022-01-12,0.039799655,0.037159265,0.056869396,0.100123575,0.00019605112829654172,0.000221903
2022-01-13,-0.0,-0.0,0.0,-0.0,0.00018751213924223946,0.000221268
2022-01-14,0.0,0.0,0.0,0.0,0.00019055524105522024,0.000225717
2022-01-15,0.005613978,0.012883456,0.007071011,-0.000774293,0.00019423520106914176,0.000228755
2022-01-16,-0.006246161,-0.0,-0.0,-0.088172593,0.00018909007237505592,0.000229321
2022-01-17,-0.04186044,-0.019514084,-0.033394007,0.128287169,0.00017462287925110414,0.000206983
2022-01-18,-0.01564357,0.002099738,-0.03394193,-0.09481124,0.00016738576015139158,0.000198065
2022-01-19,-0.024290617,-0.033323089,-0.022046208,-0.086637335,0.00013680053852968324,0.000172025
2022-01-20,0.02712844,0.031390242,0.039146413,0.060110543,0.00013760865443613083,0.000166046
2022-01-21,0.155919705,0.126880234,0.090236146,0.11698907,0.00012173042811764623,0.000155816
2022-01-22,-0.062654892,-0.076186492,-0.063270826,-0.044735894,0.00016422033321607094,0.000168924
2022-01-23,0.051243338,0.036012641,0.062565856,0.04830096,0.0001731855905630973,0.000178892
2022-01-24,0.040067228,0.034300605,0.032249301,0.053918952,0.00016233162813623214,0.000161916
2022-01-25,-0.007978614,0.002397672,-0.038576212,0.020873623,0.00015994111946785917,0.000156519
2022-01-26,-0.001690432,0.008610351,-0.002799162,-0.032078222,0.00014720907756746166,0.000137364
2022-01-27,-0.015853861,0.001728011,-0.011950933,-0.033037455,0.00014750287389492716,0.00015271
2022-01-28,0.0,0.0,0.0,0.0,0.00013745052437953665,0.000135616
2022-01-29,-0.021934573,-0.006715942,-0.011251877,-0.010441481,0.00014285632254033007,0.000147574
2022-01-30,-9.61e-05,0.02989353,0.027651531,0.02292364,0.00014025885115075086,0.00013968
2022-01-31,-0.032245609,0.017391743,-0.017106618,-0.015340665,0.0001451602878569596,0.000143572
2022-02-01,0.0,0.0,0.0,0.0,0.00014122729563975818,0.000141189
2022-02-02,0.038981508,0.03501684,0.037956579,0.065025258,0.0001377714413060645,0.000123038
2022-02-03,0.005502113,0.01216473,0.006547859,0.032569929,0.00014804283654641277,0.000131734
2022-02-04,0.105372016,0.085172323,0.069331224,0.070060476,0.000138954113635634,0.000137206
2022-02-05,0.0,0.0,-0.0,-0.0,0.000134503900835133,0.000122319
2022-02-06,0.013956229,0.013019403,0.046550958,0.015873349,0.0001416976143205046,0.000135834
2022-02-07,0.0,0.0,0.0,0.0,0.0001322543886648588,0.000121498
2022-02-08,-0.007378008,-0.022399993,-0.044534261,-0.019369027,0.00011883094481622055,0.000113373
2022-02-09,0.0,0.0,0.0,0.0,0.00011237309802097228,0.000103594
2022-02-10,-0.0,-0.0,-0.0,-0.0,0.00011492275490288846,0.000102561
2022-02-11,0.048325828,0.059872777,0.045954031,0.063727256,0.00011421719909103381,9.80694e-05
2022-02-12,-0.002962499,0.029477111,-0.001384083,-0.01870962,0.00010819731793650187,0.000101916
2022-02-13,-0.0,0.0,0.0,-0.0,0.00011124745751450737,0.000101257
2022-02-14,-0.020211415,0.009336011,0.015662561,-0.006695386,0.00011332321996875615,0.000106035
2022-02-15,0.0,0.0,0.0,0.053816324,0.0001102272428471505,0.000106516
2022-02-16,-0.0,-0.0,-0.0,-0.0,0.00010902984961926503,9.76335e-05
2022-02-17,-0.0,-0.0,-0.0,-0.0,9.55832183402403e-05,0.00010747
2022-02-18,0.039639492,-0.0,0.0,0.024815169,9.131247882353408e-05,9.1588e-05
2022-02-19,-0.005718827,0.006110326,0.016458332,0.00100452,9.684899588954286e-05,9.97203e-05
2022-02-20,-0.0,-0.0,-0.0,-0.0,8.589228623132229e-05,9.67445e-05
2022-02-21,-0.020798397,-0.06625844,-0.063465403,-0.083988901,8.742757200654699e-05,8.82577e-05
2022-02-22,0.0,0.0,0.0,0.0,9.106227707363747e-05,9.38553e-05
2022-02-23,-0.021695636,-0.016853365,-0.030938276,-0.025086834,8.943586488427657e-05,9.30281e-05
2022-02-24,-0.006371848,-0.041778873,0.025458813,0.015125361,8.110148157096692e-05,8.48087e-05
2022-02-25,0.064253208,0.025941366,0.027812679,0.051410521,7.803966952513156e-05,8.43807e-05
2022-02-26,-0.003958217,-0.021802723,-0.0,0.012325086,6.840234992340994e-05,6.30829e-05
2022-02-27,-0.0,-0.0,-0.0,-0.0,4.910621101308339e-05,4.08908e-05
2022-02-28,0.0,0.0,0.0,0.0,6.656603175453329e-05,6.23795e-05
2022-03-01,0.0,-0.0,0.0,0.0,8.098510642368914e-05,6.86067e-05
2022-03-02,-0.0,-0.0,-0.0,-0.0,8.657263841534039e-05,6.9554e-05
2022-03-03,0.039203884,0.015421234,0.025125037,0.039092926,0.00010673539636132451,9.99533e-05
2022-03-04,-0.0,-0.0,-0.0,-0.0,0.00010287547081412431,6.99827e-05
2022-03-05,0.0,0.0,0.0,0.0,9.83996567916224e-05,8.19907e-05
2022-03-06,-0.0,-0.0,-0.0,-0.0,8.943674106830639e-05,6.61564e-05
2022-03-07,-0.0,-0.0,-0.0,-0.0,8.319829683504097e-05,6.17194e-05
2022-03-08,0.0,0.0,0.0,0.0,8.659189571079683e-05,7.5622e-05
2022-03-09,0.056968608,0.076063007,0.037740328,0.056950578,8.449695417547804e-05,6.99149e-05
2022-03-10,0.045109716,0.059689187,0.038595394,0.050735518,7.983965023669631e-05,6.82944e-05
2022-03-11,-0.01930511,-0.005891544,-0.012048339,-0.023825578,7.519167206807622e-05,6.66924e-05
2022-03-12,0.004658921,0.010717475,-0.006950506,0.001268231,7.909907795098263e-05,6.96864e-05
2022-03-13,-0.0,-0.0,-0.0,-0.0,7.820715200107265e-05,6.37176e-05
2022-03-14,0.0,0.0,0.0,0.0,8.594352745433742e-05,7.31295e-05
2022-03-15,-0.010877479,0.000691085,0.011479155,0.00249688,9.374542727134487e-05,8.4481e-05
2022-03-16,0.057914296,0.035651374,0.039186555,0.046406373,0.00010441364075458622,9.34085e-05
2022-03-17,0.0,-0.0,-0.0,-0.0,0.00010249255600096933,9.1172e-05
2022-03-18,0.0,0.0,0.0,0.0,0.00011084041060397685,8.98877e-05
2022-03-19,0.0,0.0,0.0,0.0,9.759618102794347e-05,9.68461e-05
2022-03-20,-0.0,-0.0,-0.0,-0.0,0.00010045545195336542,8.81457e-05
2022-03-21,0.0,0.0,0.0,0.0,9.561422759666672e-05,9.08274e-05
2022-03-22,0.0,0.0,0.0,0.0,0.00013103461847995711,0.000128685
2022-03-23,0.022100126,-0.030838257,0.058700434,0.127874396,0.00013481144810926178,0.000125725
2022-03-24,-0.02432621,-0.005752652,-0.052525201,-0.020545609,0.0001249428734426468,0.000144596
2022-03-25,-0.0,-0.0,-0.0,-0.0,0.00014275211877863664,0.000153449
2022-03-26,0.0,-0.0,0.0,0.0,0.00013853186366002526,0.00014492
2022-03-27,-0.046789527,-0.039263199,-0.062698594,-0.027398974,0.00014078532864691666,0.000154369
2022-03-28,0.0,-0.0,-0.0,-0.0,0.0001394292455761708,0.000151077
2022-03-29,0.020076624,0.012941674,0.013245227,0.017789542,0.00014445544318220582,0.000152821
2022-03-30,0.004338159,-0.01805199,0.008344972,0.001680673,0.0001463690429536223,0.00015367
2022-03-31,-0.0,0.0,-0.0,-0.041207547,0.00013882299941647146,0.000146723
2022-04-01,-0.051579555,0.018647947,-0.022907229,-0.020816016,0.0001446072845600268,0.000151119
2022-04-02,-0.0,-0.0,-0.0,-0.0,0.00014788738457868452,0.000147628
2022-04-03,0.0,0.0,0.0,0.0,0.00015370779163555086,0.000152724
2022-04-04,0.000684522,0.006359322,-0.012877169,-0.021685587,0.00015651629125624394,0.00015864
2022-04-05,-0.032489731,-0.029128273,0.150971027,-0.034413803,0.0001462489023640283,0.000150288
2022-04-06,-0.0,-0.0,-0.0,-0.0,0.0001247698900990314,0.000122873
2022-04-07,0.0,0.0,0.0,0.03456673,0.00012282850611660388,0.000121013
2022-04-08,-0.0,-0.0,-0.0,-0.0,0.00010102569005225705,9.40968e-05
2022-04-09,0.0,0.0,0.0,0.0,9.928646762039827e-05,8.9847e-05
2022-04-10,0.01718809,0.018894785,-0.027361488,0.017374954,0.00010290304616272829,9.06198e-05
2022-04-11,-0.0,-0.0,-0.0,-0.0,8.827464947344418e-05,6.72762e-05
2022-04-12,0.0,0.0,0.0,0.0,7.608664520639172e-05,5.8001e-05
2022-04-13,0.0,0.0,0.0,0.0,7.206414120824172e-05,6.61402e-05
2022-04-14,-0.0,-0.0,0.0,-0.0,7.059941848305151e-05,5.04817e-05
2022-04-15,0.0,0.0,0.0,0.0,6.964032494147042e-05,5.54802e-05
2022-04-16,0.0,0.0,-0.0,-0.0,7.82820564035258e-05,6.69925e-05
2022-04-17,-0.0,-0.0,-0.0,-0.0,6.863072404945148e-05,5.41921e-05
2022-04-18,0.0,0.0,0.0,0.0,7.547371885130788e-05,6.66001e-05
2022-04-19,0.0,0.0,0.0,0.0,9.17134299479163e-05,7.0666e-05
2022-04-20,-0.0,-0.0,-0.0,-0.0,8.929754483961695e-05,7.61484e-05
2022-04-21,-0.030519134,-0.046736031,-0.03250557,-0.029238683,7.843642203989752e-05,6.56693e-05
2022-04-22,-0.0,0.0,0.0,-0.0,6.673202321538842e-05,5.92563e-05
2022-04-23,-0.0,-0.0,-0.0,-0.0,6.328936521794323e-05,5.66299e-05
2022-04-24,-0.0,-0.0,-0.0,0.0,6.455207569672267e-05,5.89689e-05
2022-04-25,-0.028890501,-0.021858794,-0.182701135,-0.012784743,7.985602876212174e-05,6.27126e-05
2022-04-26,0.067749485,-0.0,0.138876819,0.083027993,6.961051259186704e-05,5.23744e-05
2022-04-27,-0.027829537,-0.037139547,-0.017291497,-0.017047232,7.536949828086823e-05,5.7243e-05
2022-04-28,0.016468242,-0.002281246,-0.018018506,0.003683245,7.284501427908666e-05,6.15056e-05
2022-04-29,0.041646182,0.039599251,0.019090154,0.046610378,7.145143710271929e-05,6.26258e-05
2022-04-30,-0.032641219,-0.05907711,-0.05720202,-0.063081664,6.87527686951647e-05,5.67576e-05
2022-05-01,0.0,0.0,0.0,0.0,7.609089291909921e-05,6.34301e-05
2022-05-02,0.011169997,0.003514942,-0.014421502,-0.010952733,7.881776815949981e-05,6.2701e-05
2022-05-03,-0.0,-0.0,-0.0,-0.012629034,7.32673578219408e-05,6.00407e-05
2022-05-04,-0.055564993,-0.071138028,-0.04823844,-0.152908639,9.320076208415093e-05,7.93993e-05
2022-05-05,-0.0,-0.0,-0.0,-0.0,7.006994662514009e-05,7.36541e-05
2022-05-06,-0.0,-0.0,-0.0,-0.0,8.070753368382269e-05,7.76268e-05
2022-05-07,-0.0,-0.0,-0.0,-0.0,8.182867417582772e-05,8.10285e-05
2022-05-08,-0.0,-0.0,-0.0,-0.0,6.461528677906694e-05,6.27197e-05
2022-05-09,-0.122792666,-0.183162568,-0.197095752,-0.206964191,7.544350609162537e-05,6.66316e-05
2022-05-10,0.049675464,0.060543632,0.058139287,0.043403806,7.719206289159847e-05,7.03451e-05
2022-05-11,-0.116262555,-0.172093267,-0.235956773,-0.192169443,7.956700669757566e-05,6.66441e-05
2022-05-12,-0.061707347,-0.003598051,-0.032164774,-0.091596244,8.626073440915467e-05,8.17341e-05
2022-05-13,0.024923769,0.041357382,0.064462852,0.111258995,7.843596282439235e-05,8.00042e-05
2022-05-14,-0.023015302,-0.031130919,-0.014648149,-0.015382033,8.682882718927189e-05,9.42821e-05
2022-05-15,-0.042278958,-0.028795948,-0.04162704,-0.107387499,8.598609468504255e-05,8.88527e-05
2022-05-16,0.058366988,0.083928018,0.057410907,0.071372273,9.774813004641468e-05,9.31046e-05
2022-05-17,0.0,0.0,0.0,0.0,0.0001008701968451265,9.84929e-05
2022-05-18,0.087733442,0.10166187,0.080688911,0.132888767,7.374510981322058e-05,7.59774e-05
2022-05-19,-0.053099652,-0.050088717,-0.038851266,-0.05293259,8.727573070690218e-05,9.26656e-05
2022-05-20,-0.0,-0.0,-0.0,-0.0,7.952772701462188e-05,8.24717e-05
2022-05-21,-0.008128865,-0.012026289,-0.005934736,-0.023737715,7.947839185225641e-05,8.30119e-05
2022-05-22,0.0,0.0,0.0,0.0,8.126210494691273e-05,8.88853e-05
2022-05-23,-0.0,-0.0,-0.0,-0.0,7.597145832857668e-05,8.45751e-05
2022-05-24,0.0,0.0,0.0,0.0,8.083582942115266e-05,8.4805e-05
2022-05-25,0.018756095,0.027995607,0.00839837,0.014086099,6.0045684813148515e-05,6.98353e-05
2022-05-26,-0.0,-0.0,-0.0,-0.0,7.97520551355643e-05,6.63891e-05
2022-05-27,-0.036918527,-0.025975486,0.046403309,-0.047684073,6.869291963544124e-05,7.56892e-05
2022-05-28,0.0,0.0,0.0,0.0,7.723816229755754e-05,8.2894e-05
2022-05-29,0.011880801,0.0357279,0.010942358,0.036767294,8.136070130890654e-05,8.23558e-05
2022-05-30,-0.097201119,-0.061259663,-0.062117212,-0.167341308,7.504937510002054e-05,8.25591e-05
2022-05-31,-0.0,0.0,-0.0,0.0,9.693891964308128e-05,9.79136e-05
