Date,ETH,BCH,DOGE,ADA
2/1/18,,,,
3/1/18,-0.088079657,,,
4/1/18,-0.006371318,,,
5/1/18,-0.020323977,,,
6/1/18,0.045653004,,,
7/1/18,-0.111982238,,,
8/1/18,0.008944025,,,
9/1/18,0.130389272,,,
10/1/18,0.034676445,,,
11/1/18,-0.090651442,,,
12/1/18,0.096145543,,,
13/1/18,-0.101643503,,,
14/1/18,-0.029998374,,,
15/1/18,-0.058075905,,,
16/1/18,0.239803992,,,
17/1/18,0.0,,,
18/1/18,0.006018072,,,
19/1/18,-0.038001118,,,
20/1/18,0.110167346,,,
21/1/18,-0.094313063,,,
22/1/18,0.054861944,,,
23/1/18,-0.013178092,,,
24/1/18,-0.079414567,,,
25/1/18,-0.004231371,,,
26/1/18,0.005209853,,,
27/1/18,0.0,,,
28/1/18,-0.112283831,,,
29/1/18,-0.061732999,,,
30/1/18,0.080936614,,,
31/1/18,0.035573422,,,
1/2/18,-0.076529772,,,
2/2/18,-0.121969089,,,
3/2/18,0.051455918,,,
4/2/18,0.164690062,,,
5/2/18,-0.165531924,,,
6/2/18,0.110227436,,,
7/2/18,-0.032939551,,,
8/2/18,-0.036027495,,,
9/2/18,-0.115087129,,,
10/2/18,-0.0,,,
11/2/18,-0.05080182,,,
12/2/18,-0.068860187,,,
13/2/18,0.029377548,,,
14/2/18,0.088114855,,,
15/2/18,0.0,,,
16/2/18,0.0,,,
17/2/18,0.0,,,
18/2/18,-0.062742865,,,
19/2/18,0.029324316,,,
20/2/18,0.060553337,,,
21/2/18,-0.0,,,
22/2/18,-0.0,,,
23/2/18,0.0,,,
24/2/18,-0.020955476,,,
25/2/18,0.0,,,
26/2/18,0.0,,,
27/2/18,-0.002450968,,,
28/2/18,-0.0,,,
1/3/18,0.019871545,,,
2/3/18,-0.0,,,
3/3/18,-0.0,,,
4/3/18,0.012353003,,,
5/3/18,-0.0,,,
6/3/18,0.044181695,,,
7/3/18,-0.0,,,
8/3/18,-0.075366367,,,
9/3/18,0.0,,,
10/3/18,-0.0,,,
11/3/18,0.057485695,,,
12/3/18,-0.0,,,
13/3/18,0.01033858,,,
14/3/18,-0.0,,,
15/3/18,-0.002083796,,,
16/3/18,-0.016194016,,,
17/3/18,-0.0,,,
18/3/18,-0.018359296,,,
19/3/18,0.0,,,
20/3/18,-0.000215463,,,
21/3/18,0.0,,,
22/3/18,-0.0,,,
23/3/18,-0.005743587,,,
24/3/18,-0.0,,,
25/3/18,0.006743579,,,
26/3/18,-0.076846487,,,
27/3/18,0.078240209,,,
28/3/18,-0.004088615,,,
29/3/18,-0.0,,,
30/3/18,0.021715625,,,
31/3/18,0.003789666,,,
1/4/18,-0.0,,,
2/4/18,0.0,,,
3/4/18,0.0,,,
4/4/18,-0.0,,,
5/4/18,0.0,,,
6/4/18,-0.0,,,
7/4/18,0.0,,,
8/4/18,0.040494251,,,
9/4/18,-0.0,,,
10/4/18,-0.040789949,,,
11/4/18,-0.031814791,,,
12/4/18,0.0,,,
13/4/18,-0.0,,,
14/4/18,0.0,,,
15/4/18,0.06021731,,,
16/4/18,0.042901714,,,
17/4/18,-0.0,,,
18/4/18,0.0,,,
19/4/18,0.0,,,0.0
20/4/18,0.082647013,,,0.108805914
21/4/18,-0.0,,,-0.0
22/4/18,0.02618869,,,-0.017878987
23/4/18,0.0,,,0.0
24/4/18,-0.083945092,,,-0.069275357
25/4/18,-0.0,,,-0.0
26/4/18,0.0,,,0.0
27/4/18,-0.0,,,-0.0
28/4/18,0.0,,,0.0
29/4/18,0.011632863,,,0.016071526
30/4/18,-0.0,,,-0.0
1/5/18,-0.001817126,,,-0.039029204
2/5/18,0.0,,,0.0
3/5/18,0.0,,,-0.0
4/5/18,0.0,,,-0.0
5/5/18,0.0,,,0.0
6/5/18,-0.031233175,,,-0.051953895
7/5/18,-0.0,,,-0.0
8/5/18,0.004662075,,,0.025530432
9/5/18,0.0,,,-0.0
10/5/18,-0.0,,,-0.0
11/5/18,-0.0,,,-0.0
12/5/18,0.0,,,0.0
13/5/18,0.063664742,,,0.043052274
14/5/18,-0.0,,,-0.0
15/5/18,0.031530118,,,0.048463825
16/5/18,0.0,,,-0.0
17/5/18,0.056306769,,,0.053638049
18/5/18,0.0,,,0.0
19/5/18,0.0,,,-0.0
20/5/18,0.027118195,,,0.057996602
21/5/18,-0.0,,,-0.0
22/5/18,-0.0,,,-0.0
23/5/18,-0.0,,,-0.0
24/5/18,0.042384902,,,0.0469106
25/5/18,-0.0,,,-0.0
26/5/18,0.000768213,,,-0.014456121
27/5/18,-0.02698192,,,-0.016438726
28/5/18,0.108990284,,,0.106426676
29/5/18,-0.103646437,,,-0.156144665
30/5/18,-0.0,,,0.0
31/5/18,0.0,,,0.0
1/6/18,0.0,,,-0.0
2/6/18,0.0,,,0.0
3/6/18,0.047608762,,,0.000485576
4/6/18,-0.0,,,-0.0
5/6/18,0.0,,,0.0
6/6/18,-0.0,,,-0.0
7/6/18,-0.0,,,-0.0
8/6/18,-0.010765654,,,-0.028422382
9/6/18,-0.0,,,-0.0
10/6/18,-0.123273565,,,-0.147855272
11/6/18,0.014359027,,,0.031271169
12/6/18,0.075551439,,,0.093652059
13/6/18,0.036205386,,,0.031540884
14/6/18,0.0,,,0.0
15/6/18,-0.0,,,-0.0
16/6/18,0.0,,,0.0
17/6/18,0.000804926,,,-0.009120584
18/6/18,-0.041007036,,,-0.020115443
19/6/18,-0.037924084,,,-0.019958328
20/6/18,-0.0,,,-0.0
21/6/18,-0.0,,,-0.0
22/6/18,-0.0,,,-0.0
23/6/18,0.024202143,,,-0.009654196
24/6/18,-0.0,,,-0.0
25/6/18,0.0,,,0.0
26/6/18,0.066147256,,,0.076996542
27/6/18,0.0,,,0.0
28/6/18,-0.0,,,-0.0
29/6/18,0.0,,,0.0
30/6/18,0.0,,,0.0
1/7/18,-0.0,,,0.0
2/7/18,0.0,,,0.0
3/7/18,0.030767722,,,0.031698583
4/7/18,0.0,,,0.0
5/7/18,0.0,,,-0.0
6/7/18,0.0,,,-0.0
7/7/18,0.031591264,,,0.019260259
8/7/18,0.0,,,-0.0
9/7/18,-0.0,,,-0.0
10/7/18,0.086828307,,,0.083865338
11/7/18,0.0,,,0.0
12/7/18,-0.0,,,-0.0
13/7/18,0.0,,,0.0
14/7/18,0.0,,,-0.0
15/7/18,0.037582143,,,0.041402046
16/7/18,0.0,,,0.0
17/7/18,-0.041489706,,,-0.090391159
18/7/18,-0.039568837,,,0.052130362
19/7/18,0.022870678,,,-0.00761509
20/7/18,-0.0,,,-0.0
21/7/18,0.0,,,0.0
22/7/18,-0.006015056,,,0.03543974
23/7/18,0.016352621,,,0.029577128
24/7/18,-0.06292629,,,-0.054852076
25/7/18,0.01509415,,,0.004274498
26/7/18,-0.0,,,-0.0
27/7/18,0.0,,,0.0
28/7/18,-0.0,,,-0.0
29/7/18,-0.006177279,,,-0.008690917
30/7/18,-0.0,,,-0.0
31/7/18,0.05406235,,,0.078136129
1/8/18,-0.0,,,-0.0
2/8/18,-0.0,,,-0.0
3/8/18,0.0,,,-0.0
4/8/18,-0.0,,,-0.0
5/8/18,0.0,,,0.0
6/8/18,-0.0,,,-0.0
7/8/18,-0.0,,,-0.0
8/8/18,-0.0,,,-0.0
9/8/18,0.0,,,0.0
10/8/18,-0.0,,,-0.0
11/8/18,-0.0,,,-0.0
12/8/18,0.0,,,0.0
13/8/18,-0.0,,,-0.0
14/8/18,0.019210153,,,0.077555042
15/8/18,0.009686777,,,0.001175779
16/8/18,0.0,,,0.0
17/8/18,0.0,,,0.0
18/8/18,-0.0,,,-0.0
19/8/18,0.0,,,0.0
20/8/18,-0.0,,,-0.0
21/8/18,-0.038792655,,,-0.031649909
22/8/18,-0.0,,,-0.0
23/8/18,0.0,,,0.0
24/8/18,0.0,,,0.0
25/8/18,-0.0,,,0.0
26/8/18,-0.0,,,-0.0
27/8/18,0.0,,,0.0
28/8/18,-0.026512742,,,-0.048927549
29/8/18,-0.0,,,-0.0
30/8/18,-0.0,,,-0.0
31/8/18,-0.0,,,0.0
1/9/18,0.0,,,0.0
2/9/18,-0.001015022,,,-0.018870265
3/9/18,-0.0,,,-0.0
4/9/18,0.0131968,,,-0.016193522
5/9/18,-0.0,,,-0.0
6/9/18,0.0,,,0.0
7/9/18,-0.0,,,-0.0
8/9/18,-0.089930198,,,-0.067124219
9/9/18,-0.0,,,-0.0
10/9/18,0.0,,,-0.0
11/9/18,-0.0,,,-0.0
12/9/18,-0.0,,,-0.0
13/9/18,0.0,,,0.0
14/9/18,-0.0,,,-0.0
15/9/18,0.0,,,0.0
16/9/18,-0.005074083,,,0.013397881
17/9/18,-0.0,,,-0.0
18/9/18,-0.059424401,,,-0.083539151
19/9/18,0.0,,,0.0
20/9/18,0.0,,,0.0
21/9/18,0.0,,,0.0
22/9/18,-0.0,,,-0.0
23/9/18,0.014376883,,,0.074844431
24/9/18,-0.0,,,-0.0
25/9/18,0.037709972,,,0.016270467
26/9/18,-0.0,,,-0.0
27/9/18,0.0,,,0.0
28/9/18,-0.0,,,-0.0
29/9/18,-0.043141696,,,-0.006652436
30/9/18,0.005682812,,,0.007666488
1/10/18,0.005725987,,,0.00518319
2/10/18,-0.0,,,-0.0
3/10/18,0.022040941,,,0.016675227
4/10/18,0.008524509,,,0.009352763
5/10/18,0.0,,,0.0
6/10/18,-0.0,,,-0.0
7/10/18,0.003277675,,,0.037681256
8/10/18,-0.01696851,,,-0.027271239
9/10/18,0.007024308,,,0.004493872
10/10/18,-0.0,,,-0.0
11/10/18,-0.168498511,,,-0.187862518
12/10/18,0.027695186,,,0.033477673
13/10/18,-0.02179567,,,-0.007349972
14/10/18,-0.021541844,,,-0.028054645
15/10/18,-0.084542297,,,-0.06754133
16/10/18,0.0,,,0.0
17/10/18,0.010468853,,,-0.027520601
18/10/18,-0.031547153,,,-0.041635435
19/10/18,-0.0,,,0.0
20/10/18,0.0,,,0.0
21/10/18,-0.002022148,,,-0.006068842
22/10/18,0.003959827,,,-0.001294331
23/10/18,0.00397557,,,0.017484788
24/10/18,-0.0,,,-0.0
25/10/18,-0.0,,,-0.0
26/10/18,0.004842861,,,-0.000936518
27/10/18,-0.0,,,-0.0
28/10/18,0.002637751,,,0.001630878
29/10/18,-0.0,,,-0.0
30/10/18,-0.001572686,,,0.001711108
31/10/18,-0.007373771,,,-0.007677035
1/11/18,0.0,,,0.0
2/11/18,0.0,,,0.0
3/11/18,-0.0,,,-0.0
4/11/18,0.057238841,,,0.074227394
5/11/18,-0.0,,,-0.0
6/11/18,-0.046740079,,,-0.060953704
7/11/18,-0.0,,,-0.0
8/11/18,-0.02908555,,,-0.027722515
9/11/18,-0.0,,,-0.0
10/11/18,0.0,,,0.0
11/11/18,-0.00333498,,,0.019937701
12/11/18,0.0,,,-0.0
13/11/18,0.014430265,,,0.029305159
14/11/18,0.112939893,,,0.114556498
15/11/18,-0.016569318,,,-0.033917092
16/11/18,0.041308054,,,0.046113098
17/11/18,-0.0,,,-0.0
18/11/18,0.015598481,,,0.017966009
19/11/18,-0.0,,,-0.0
20/11/18,-0.0,,,-0.0
21/11/18,0.032423351,,,0.053481872
22/11/18,0.087649516,,,0.093513902
23/11/18,-0.0,,,-0.0
24/11/18,-0.084498576,,,-0.116072171
25/11/18,0.0,,,-0.0
26/11/18,-0.0,,,-0.0
27/11/18,-0.006753436,,,-0.011164173
28/11/18,0.097974426,,,0.133869814
29/11/18,-0.0,,,-0.0
30/11/18,-0.0,,,-0.0
1/12/18,0.0,,,0.0
2/12/18,-0.013039772,,,0.011771908
3/12/18,-0.0,,,-0.0
4/12/18,-0.010791143,,,0.025264502
5/12/18,-0.0,,,-0.0
6/12/18,-0.121049977,,,-0.113723883
7/12/18,0.0,,,-0.0
8/12/18,-0.029113979,,,0.015012792
9/12/18,0.0,,,0.0
10/12/18,-0.0,,,-0.043706644
11/12/18,0.024203354,,,0.01557242
12/12/18,0.0,,,0.0
13/12/18,-0.0,,,-0.0
14/12/18,-0.0,,,-0.0
15/12/18,-0.0,,,-0.0
16/12/18,0.010805781,,,0.03259444
17/12/18,0.0,,,0.0
18/12/18,0.0,,,0.0
19/12/18,-0.0,,,-0.0
20/12/18,0.0,,,0.0
21/12/18,-0.0,,,0.0
22/12/18,0.0,,,0.0
23/12/18,0.0,,,0.0
24/12/18,0.0,,,0.0
25/12/18,-0.0,,,-0.0
26/12/18,-0.013621538,,,0.011509861
27/12/18,-0.0,,,-0.0
28/12/18,0.0,,,0.0
29/12/18,-0.0,,,-0.0
30/12/18,0.0,,,0.0
31/12/18,-0.0,,,-0.0
1/1/19,0.0,,,0.0
2/1/19,0.088753209,,,0.054468334
3/1/19,-0.0,,,-0.0
4/1/19,-0.038023825,,,-0.02257326
5/1/19,0.0,,,0.0
6/1/19,0.006716905,,,0.090902653
7/1/19,-0.0,,,-0.0
8/1/19,-0.0,,,0.0
9/1/19,-0.003381809,,,-0.07339044
10/1/19,-0.0,,,-0.0
11/1/19,-0.0,,,-0.0
12/1/19,-0.0,,,-0.0
13/1/19,-0.07742487,,,-0.083624987
14/1/19,0.0,,,0.0
15/1/19,0.065090071,,,0.033242761
16/1/19,0.0,,,0.0
17/1/19,0.0,,,0.0
18/1/19,-0.0,,,-0.0
19/1/19,0.028375978,,,0.032184617
20/1/19,-0.0,,,-0.0
21/1/19,-0.0,,,-0.0
22/1/19,0.0,,,0.0
23/1/19,-0.0,,,-0.0
24/1/19,-0.0,,,0.004210533
25/1/19,0.011058428,,,0.010323883
26/1/19,0.0,,,0.000235821
27/1/19,-0.028939088,,,-0.036987886
28/1/19,-0.0,,,-0.0
29/1/19,-0.0,,,-0.0
30/1/19,0.0,,,0.0
31/1/19,-0.0,,,-0.0
1/2/19,0.002720835,,,0.008592684
2/2/19,0.0,,,0.0
3/2/19,-0.028103604,,,-0.027087945
4/2/19,0.0,,,-0.0
5/2/19,-0.0,,,0.0
6/2/19,-0.0,,,-0.0
7/2/19,-0.0,,,-0.0
8/2/19,0.0,,,0.0
9/2/19,0.000503271,,,-0.010990464
10/2/19,0.0,,,0.0
11/2/19,-0.034392236,,,-0.028610534
12/2/19,0.012495025,,,0.000959003
13/2/19,-0.0,,,-0.0
14/2/19,-0.0,,,-0.0
15/2/19,0.01032683,,,0.005434796
16/2/19,0.008185361,,,0.010294209
17/2/19,-0.086474563,,,-0.013562814
18/2/19,-0.085508691,,,-0.093405772
19/2/19,0.015564247,,,-0.006333973
20/2/19,-0.034264007,,,-0.033190071
21/2/19,-0.01869976,,,-0.052313635
22/2/19,-0.011397496,,,-0.016289156
23/2/19,0.0,,,0.0
24/2/19,-0.177705824,,,-0.153600549
25/2/19,-0.042752001,,,-0.045852631
26/2/19,-0.0,,,-0.0
27/2/19,-0.0,,,0.0
28/2/19,0.0,,,-0.0
1/3/19,-0.0,,,0.0
2/3/19,-0.020606971,,,-0.013580167
3/3/19,-0.0,,,-0.0
4/3/19,0.038638953,,,0.044732786
5/3/19,0.0,,,0.0
6/3/19,-0.004961341,,,0.009598575
7/3/19,-0.0,,,0.0
8/3/19,-0.0,,,-0.0
9/3/19,0.0,,,0.0
10/3/19,-0.013938019,,,-0.02684725
11/3/19,0.020146928,,,-0.037683434
12/3/19,-0.006760843,,,0.002962965
13/3/19,-0.0,,,-0.0
14/3/19,0.004169041,,,0.029604973
15/3/19,-0.032448151,,,-0.045737491
16/3/19,0.031428275,,,0.026900356
17/3/19,0.016095344,,,0.027903265
18/3/19,0.007818761,,,-0.002805613
19/3/19,-0.006953023,,,-0.04078197
20/3/19,0.0,,,0.0
21/3/19,0.030382823,,,0.02266386
22/3/19,0.0,,,0.0
23/3/19,0.0,,,0.0
24/3/19,-0.0,,,-0.0
25/3/19,-0.015625896,,,-0.048977143
26/3/19,0.0,,,0.0
27/3/19,0.0,,,0.0
28/3/19,0.011467437,,,0.022041955
29/3/19,0.0,,,0.0
30/3/19,-0.005530097,,,0.013685453
31/3/19,-0.0,,,-0.0
1/4/19,0.00099073,,,-0.031131467
2/4/19,-0.145189664,,,-0.169760331
3/4/19,-0.0,,,0.0
4/4/19,-0.0,,,-0.0
5/4/19,0.0,,,0.0
6/4/19,0.0,,,-0.0
7/4/19,0.0,,,-0.0
8/4/19,0.025558867,,,-0.042772671
9/4/19,0.023322692,,,0.037418526
10/4/19,0.0,,,0.0
11/4/19,-0.0,,,-0.0
12/4/19,-0.0,,,-0.0
13/4/19,-0.001226317,,,0.004112743
14/4/19,0.025681261,,,0.015808712
15/4/19,-0.0,,,-0.0
16/4/19,0.0,,,0.0
17/4/19,-0.002295241,,,0.003269758
18/4/19,0.0,,,-0.0
19/4/19,-0.0,,,-0.0
20/4/19,0.0,,,-0.0
21/4/19,-0.0,,,-0.0
22/4/19,0.0,,,0.0
23/4/19,0.008007579,,,0.059287375
24/4/19,-0.0,,,-0.0
25/4/19,0.062994219,,,0.035170633
26/4/19,0.020661496,,,0.004732888
27/4/19,0.008573462,,,0.008690132
28/4/19,-0.009206775,,,-0.024699705
29/4/19,0.017510672,,,0.054988456
30/4/19,-0.042411859,,,-0.073998245
1/5/19,-0.0,,,-0.0
2/5/19,0.010062197,,,-0.003494471
3/5/19,0.0,,,0.0
4/5/19,0.026285574,,,0.045030265
5/5/19,-0.003978582,,,-0.012641252
6/5/19,-0.059234692,,,-0.013986242
7/5/19,-0.0,,,-0.0
8/5/19,-0.009822742,,,-0.009004874
9/5/19,0.0,,,-0.0
10/5/19,0.0,,,0.0
11/5/19,0.0,,,0.0
12/5/19,-0.0,,,-0.0
13/5/19,0.0,,,0.0
14/5/19,-0.099830548,,,-0.150173435
15/5/19,-0.136703344,,,-0.105715566
16/5/19,0.063063734,,,-0.064666325
17/5/19,-0.078498646,,,-0.061740047
18/5/19,-0.044786727,,,-0.049926762
19/5/19,0.0,,,0.0
20/5/19,-0.035855414,,,-0.020408872
21/5/19,0.0,,,-0.0
22/5/19,0.039395925,,,0.081024982
23/5/19,0.003768952,,,0.036118733
24/5/19,-0.017469994,,,-0.003479129
25/5/19,0.005409859,,,-0.006970404
26/5/19,0.055311667,,,0.061520607
27/5/19,0.0,,,0.0
28/5/19,-0.001846518,,,-0.027835667
29/5/19,-0.0,,,-0.0
30/5/19,-0.054542645,,,-0.079015562
31/5/19,0.0,,,0.0
1/6/19,-0.0,,,0.0
2/6/19,0.017066861,,,0.062450015
3/6/19,-0.07316433,,,-0.096401117
4/6/19,-0.0,,,-0.0
5/6/19,0.017412456,,,0.000606097
6/6/19,0.0,,,0.0
7/6/19,0.0,,,0.0
8/6/19,0.022439054,,,0.01708632
9/6/19,-0.051758594,,,-0.057764009
10/6/19,-0.065071434,,,-0.075791063
11/6/19,0.009046516,,,-0.027132099
12/6/19,0.066738911,,,0.093936553
13/6/19,0.025126365,,,0.068635904
14/6/19,-0.0301682,,,-0.004673426
15/6/19,0.0,,,0.0
16/6/19,-0.0,,,0.0
17/6/19,0.020078694,,,0.015656531
18/6/19,-0.0,,,-0.0
19/6/19,0.013063249,,,0.005597865
20/6/19,-0.011421067,,,0.025555439
21/6/19,-0.081839236,,,-0.019059
22/6/19,0.054347907,,,0.063456354
23/6/19,-0.0,,,0.0
24/6/19,-0.010062004,,,-0.009133421
25/6/19,0.0,,,-0.0
26/6/19,0.0,,,0.0
27/6/19,-0.0,,,-0.0
28/6/19,0.041686377,,,0.026610375
29/6/19,0.0,,,0.0
30/6/19,-0.0,,,-0.0
1/7/19,0.008064423,,,0.016158557
2/7/19,0.012241224,,,0.037289565
3/7/19,0.03260388,,,0.021738652
4/7/19,-0.0,,,-0.0
5/7/19,-0.016626128,,,0.013795117
6/7/19,0.002848411,,,0.014828576
7/7/19,0.055426404,,0.01071383,0.028637019
8/7/19,-0.023513707,,0.022786411,-0.005006268
9/7/19,-0.0,,-0.0,-0.0
10/7/19,0.061122778,,0.033078377,0.080921075
11/7/19,-0.073887251,,-0.04063999,-0.096913582
12/7/19,-0.022053356,,-0.016442452,-0.062762194
13/7/19,-0.021457918,,-0.0,-0.038949739
14/7/19,-0.174059343,,-0.108912042,-0.119076588
15/7/19,0.010351375,,0.05134128,-0.003551801
16/7/19,0.13752081,,-0.0,0.130293189
17/7/19,-0.058255626,,-0.029148783,-0.060658682
18/7/19,-0.068382341,,-0.072170571,-0.059587593
19/7/19,-0.02239936,,-0.02440859,0.019826118
20/7/19,0.0,,0.0,0.0
21/7/19,-0.012434571,,-0.01041557,-0.025063969
22/7/19,-0.0,,-0.0,-0.0
23/7/19,0.02339696,,0.047620625,0.066187215
24/7/19,0.0,,0.0,0.0
25/7/19,0.012998231,,-0.002961829,-0.004092775
26/7/19,0.001507022,,-0.004943095,-0.067556434
27/7/19,-0.054036754,,-0.026424266,-0.04458245
28/7/19,0.0,,-0.0,-0.0
29/7/19,0.003455543,,0.009677205,-0.016540349
30/7/19,0.006231142,,-0.00799313,0.009991757
31/7/19,0.0,,0.0,0.0
1/8/19,-0.0,,0.0,-0.0
2/8/19,0.0,,-0.0,-0.0
3/8/19,0.0,,-0.0,0.007475046
4/8/19,-0.001576826,,0.007832938,-0.029706025
5/8/19,-0.05162238,,-0.040441387,-0.006579556
6/8/19,-0.0,,-0.0,-0.0
7/8/19,-0.0,,0.0,-0.0
8/8/19,-0.0,,-0.0,0.0
9/8/19,-0.0,,-0.0,-0.0
10/8/19,-0.0,,-0.0,0.0
11/8/19,0.047017409,,0.013037449,0.051947556
12/8/19,-0.0,,-0.0,-0.0
13/8/19,-0.0,,-0.0,-0.0
14/8/19,0.112125396,,0.042456827,0.110689801
15/8/19,0.004958291,,-0.046921582,0.003598268
16/8/19,-0.0,,0.0,-0.0
17/8/19,0.0,,-0.0,0.0
18/8/19,0.0,,0.0,0.065737949
19/8/19,-0.040095131,,-0.031628097,0.01172626
20/8/19,-0.0,,-0.0,-0.0
21/8/19,-0.0,,-0.0,-0.0
22/8/19,0.01535234,,0.00227032,0.037709046
23/8/19,0.019096764,,0.007905775,0.009309924
24/8/19,-0.0,,-0.0,0.0
25/8/19,-0.0,,0.0,-0.0
26/8/19,0.011353764,,0.006534233,0.003026331
27/8/19,0.007608241,,0.01587759,-0.00482316
28/8/19,-0.0,,-0.0,-0.0
29/8/19,-0.023507105,,-0.02930568,-0.030322119
30/8/19,0.003022135,,-0.008420151,-0.005378767
31/8/19,0.018055597,,0.003226007,-0.000223539
1/9/19,-0.004849415,,0.003053065,-0.010789046
2/9/19,-0.041922478,,-0.05067936,-0.023672387
3/9/19,0.0,,-0.0,0.0
4/9/19,0.022803489,,0.01957056,0.02692888
5/9/19,-0.0,,-0.0,-0.0
6/9/19,0.027245509,,0.00842594,0.003836178
7/9/19,0.0,,-0.0,0.0
8/9/19,0.019899768,,0.001750565,0.012967547
9/9/19,0.003593845,,0.009563584,-0.004926646
10/9/19,0.004051622,,0.00684031,0.007291476
11/9/19,-0.00854539,,-0.0,-0.034822307
12/9/19,0.0,,0.0,0.0
13/9/19,0.0,,0.0,0.0
14/9/19,0.0,,0.0,0.0
15/9/19,0.004772519,,0.002806904,0.004728141
16/9/19,-0.042414124,,-0.002017749,-0.008114501
17/9/19,0.0,,0.0,0.0
18/9/19,0.0,,0.0,0.0
19/9/19,0.0,,0.0,-0.0
20/9/19,-0.010085193,,-0.021874706,0.004196878
21/9/19,0.013762109,,-0.0,0.014187355
22/9/19,-0.0,,-0.0,-0.0
23/9/19,-0.048058898,,-0.045761967,-0.054396611
24/9/19,0.1939041,,0.111124693,0.218406247
25/9/19,0.024720561,,-0.0,0.049250393
26/9/19,-0.0,,-0.0,-0.0
27/9/19,0.0,,0.0,0.0
28/9/19,0.001727713,,-0.011488329,0.013125912
29/9/19,-0.024802135,,-0.005475965,-0.038288505
30/9/19,-0.066350133,,-0.083072236,-0.045516208
1/10/19,-0.0,,-0.0,-0.0
2/10/19,-0.025738988,,0.011683526,-0.025559672
3/10/19,-0.031276322,,-0.010950831,-0.027129942
4/10/19,-0.004910928,,0.003662529,-0.028912701
5/10/19,0.003979539,,0.001265961,0.009370716
6/10/19,-0.035516942,,-0.010745953,-0.021917289
7/10/19,0.0,,0.0,0.0
8/10/19,-0.004161471,,0.009223011,0.003875974
9/10/19,0.064434695,,0.018276711,0.028238296
10/10/19,0.007713192,,0.022441937,0.01833603
11/10/19,-0.0,,-0.0,-0.0
12/10/19,-0.0,,0.0,0.0
13/10/19,0.0,,0.0,0.0
14/10/19,0.031168387,,0.044163857,0.011084451
15/10/19,-0.0,,-0.0,-0.0
16/10/19,-0.0,,0.0,-0.0
17/10/19,-0.015300472,,-0.046417502,-0.023936286
18/10/19,-0.0,,-0.0,-0.0
19/10/19,-0.0,,0.0,0.0
20/10/19,0.019769527,,-0.000920353,0.012495381
21/10/19,-0.0,,-0.0,-0.0
22/10/19,-0.0,,-0.0,-0.0
23/10/19,-0.0,,-0.0,-0.0
24/10/19,-0.0,,0.0,0.0
25/10/19,0.0,,0.0,0.0
26/10/19,-0.0,,-0.0,-0.0
27/10/19,0.023456642,,0.018156256,0.04016993
28/10/19,0.011109097,,0.005126756,-0.000237164
29/10/19,0.0,,-0.0,0.0
30/10/19,0.039245916,,0.012034024,0.039948921
31/10/19,-0.005201074,,-0.003553499,-0.010847401
1/11/19,0.0,,0.0,0.0
2/11/19,0.0,,-0.0,0.0
3/11/19,-0.007518213,,0.00340861,-0.016419167
4/11/19,0.0,,-0.0,0.035819098
5/11/19,-0.015866141,,-0.006811435,-0.020846019
6/11/19,0.0,,0.0,0.0
7/11/19,-0.0,,0.0,-0.0
8/11/19,-0.0,,-0.0,-0.0
9/11/19,0.0,,0.0,0.0
10/11/19,0.021774299,,0.0,0.033162459
11/11/19,0.021287641,,0.018859847,0.015864225
12/11/19,0.0,,0.0,0.0
13/11/19,-0.005437114,,0.009536427,0.010119682
14/11/19,-0.017103599,,-0.00752235,-0.01092399
15/11/19,-0.0,,-0.0,0.0
16/11/19,0.0,,0.0,-0.0
17/11/19,0.007919428,,-0.01316605,0.025881944
18/11/19,-0.0,,-0.0,-0.0
19/11/19,-0.0,,-0.0,-0.0
20/11/19,-0.0,,0.0,-0.0
21/11/19,-0.081718218,,-0.047160175,-0.063854159
22/11/19,-0.0,,-0.0,-0.0
23/11/19,0.015129685,,0.019782622,0.0264121
24/11/19,0.081470667,,0.071872733,0.082283236
25/11/19,-0.040124409,,-0.009316076,-0.022053481
26/11/19,-0.012143689,,-0.005486497,-0.025674288
27/11/19,-0.034326407,,-0.023763408,-0.060544456
28/11/19,0.012527361,,0.021251453,-0.000769329
29/11/19,0.025223257,,0.037704464,0.05631782
30/11/19,0.020919897,0.029677113,0.02902743,0.02328822
1/12/19,-0.0,-0.0,-0.0,-0.0
2/12/19,0.013895607,0.003224076,0.020249566,0.042076151
3/12/19,0.010006168,0.01020777,0.018738041,0.00475688
4/12/19,-0.0,-0.0,-0.0,-0.0
5/12/19,0.0,0.0,0.0,0.0
6/12/19,0.0,0.0,0.0,0.0
7/12/19,-0.008863687,-0.008682576,-0.004750603,0.004434597
8/12/19,0.0,0.0,0.0,0.0
9/12/19,-0.0,-0.0,-0.0,-0.0
10/12/19,0.012425913,0.008341217,0.015371701,0.024195825
11/12/19,-0.0,0.0,0.0,0.0
12/12/19,0.0,-0.0,-0.0,-0.0
13/12/19,-0.0,0.0,-0.0,0.0
14/12/19,-0.0,-0.0,-0.0,-0.0
15/12/19,0.004714169,0.005136915,0.01110861,0.007426798
16/12/19,-0.0,-0.0,-0.0,-0.0
17/12/19,0.085280036,0.106453712,0.054045926,0.074198156
18/12/19,0.085656669,0.068709465,0.035328478,0.081498524
19/12/19,0.035882414,0.016215418,0.013665175,0.039767851
20/12/19,0.0,0.0,0.0,0.0
21/12/19,-0.0,-0.0,0.0,-0.0
22/12/19,0.0,0.0,0.0,0.0
23/12/19,0.033016966,-0.0,-0.0,0.036755768
24/12/19,-0.0,-0.0,-0.0,0.0
25/12/19,-0.0,-0.0,0.0,-0.0
26/12/19,0.0,0.0,-0.0,0.0
27/12/19,0.0,0.0,0.0,-0.0
28/12/19,0.0,0.0,0.0,0.0
29/12/19,0.0,0.0,-0.0,0.0
30/12/19,-0.020831737,-0.017674348,-0.003202525,-0.020130934
31/12/19,0.018639082,0.019848645,0.006386318,0.017801043
1/1/20,0.0,-0.0,0.0,0.0
2/1/20,-0.0,-0.0,-0.0,-0.0
3/1/20,0.0,0.0,0.0,0.0
4/1/20,-0.0,0.0,0.0,0.0
5/1/20,0.0,-0.0,0.0,0.0
6/1/20,0.0,0.0,0.0,0.0
7/1/20,0.009409374,0.008015663,-0.018843088,0.008611463
8/1/20,-0.0,-0.0,-0.0,-0.0
9/1/20,-0.0,-0.0,0.0,-0.0
10/1/20,0.0,0.0,0.0,0.0
11/1/20,-0.0,-0.0,-0.0,-0.0
12/1/20,0.0,0.0,0.0,0.0
13/1/20,-0.0,-0.0,-0.0,-0.0
14/1/20,0.0,0.0,0.0,0.0
15/1/20,-0.00457777,0.024291516,-0.003724872,-0.027028672
16/1/20,-0.0,-0.0,-0.0,-0.0
17/1/20,0.0,0.0,0.0,0.0
18/1/20,0.0,-0.0,0.0,-0.0
19/1/20,-0.0,0.0,-0.0,-0.066545435
20/1/20,0.0,0.0,-0.0,0.0
21/1/20,-0.015578862,-0.000320284,0.003668336,-0.049898993
22/1/20,0.008413369,-0.016514984,0.010147199,0.005884293
23/1/20,-0.031796683,-0.071230969,-0.040050621,-0.057814367
24/1/20,-0.0,-0.0,0.0,0.0
25/1/20,-0.013565199,-0.027666481,-0.00831716,-0.04110012
26/1/20,0.0,0.0,0.0,0.0
27/1/20,0.0,0.0,0.0,0.0
28/1/20,-0.032167531,-0.042463154,-0.034082372,-0.098036009
29/1/20,-0.0,0.0,-0.0,0.0
30/1/20,0.0,0.0,0.0,0.0
31/1/20,-0.0,-0.0,-0.0,-0.0
1/2/20,0.019858184,0.013829134,0.016435526,0.040005335
2/2/20,0.0,-0.0,0.0,-0.0
3/2/20,0.006611507,0.018146745,-0.010296207,0.02236912
4/2/20,-0.0,-0.0,0.0,-0.0
5/2/20,0.0,0.0,0.0,0.0
6/2/20,0.0,0.0,0.0,0.0
7/2/20,0.0,-0.0,0.0,-0.0
8/2/20,-0.0,0.0,0.0,0.0
9/2/20,0.0,0.0,0.0,0.0
10/2/20,-0.0,0.0,-0.0,-0.0
11/2/20,0.0,0.0,0.0,0.0
12/2/20,0.115767119,0.024930736,0.009492755,0.073329679
13/2/20,0.009661911,0.007929622,-0.015052737,0.007307837
14/2/20,-0.06083506,-0.033882696,-0.030558433,-0.029698761
15/2/20,-0.0,-0.0,-0.0,-0.0
16/2/20,-0.0,-0.0,-0.0,-0.0
17/2/20,0.0,0.0,-0.0,-0.0
18/2/20,-0.053640733,-0.017307409,-0.046567154,-0.041492977
19/2/20,-0.0,-0.0,-0.0,-0.0
20/2/20,-0.0,-0.0,0.0,0.0
21/2/20,-0.031827744,0.0,-0.0,-0.006513564
22/2/20,-0.0,-0.0,-0.0,-0.0
23/2/20,0.048176464,0.07342818,0.033615653,0.053479744
24/2/20,0.033188231,0.059905827,0.038184346,0.03966996
25/2/20,-0.0,-0.0,-0.0,-0.0
26/2/20,-0.0,-0.0,-0.0,-0.0
27/2/20,0.0,0.0,-0.0,0.0
28/2/20,-0.0,-0.0,-0.0,-0.0
29/2/20,-0.0,-0.0,-0.0,-0.0
1/3/20,0.002758496,0.018738109,0.028524416,-0.03214601
2/3/20,0.0,0.0,0.0,0.0
3/3/20,0.035363868,0.029062948,-0.062510028,0.011645856
4/3/20,0.0,-0.0,-0.0,0.0
5/3/20,0.018204815,0.053747552,0.023858315,0.03962896
6/3/20,-0.069757386,-0.039637074,-0.003666919,-0.015190165
7/3/20,0.03173816,0.058140042,0.032540477,0.058705803
8/3/20,-0.0,-0.0,-0.0,-0.0
9/3/20,0.0,0.0,0.0,-0.0
10/3/20,-0.0,-0.0,-0.0,-0.0
11/3/20,-0.0308137,-0.01785596,-0.015399331,-0.04362984
12/3/20,-0.0,-0.0,-0.0,-0.0
13/3/20,0.217824291,0.208029561,0.087573859,0.199420842
14/3/20,-0.0,-0.0,-0.0,-0.0
15/3/20,-0.010068289,-0.063715814,-0.017876772,-0.042091521
16/3/20,0.108795431,0.033031154,0.068120012,0.105649372
17/3/20,-0.041030944,-0.05638154,-0.025098084,-0.060843092
18/3/20,0.020875084,0.013233685,-0.01346968,0.012350601
19/3/20,0.143241945,0.177902589,0.100850925,0.150362485
20/3/20,-0.0,-0.0,0.0,-0.0
21/3/20,-0.0,0.0,0.0,0.0
22/3/20,-0.0,-0.0,-0.0,-0.0
23/3/20,-0.105425916,0.0,0.0,-0.078932213
24/3/20,0.0,0.0,0.0,0.0
25/3/20,0.016902632,0.029293039,0.018680999,0.026140899
26/3/20,0.0,0.0,0.0,0.0
27/3/20,-0.052434804,-0.066014847,-0.041510714,-0.068391256
28/3/20,-0.0026686,0.003184269,0.003595914,0.031759541
29/3/20,-0.0,-0.0,-0.0,-0.0
30/3/20,0.0,0.0,0.0,0.0
31/3/20,0.0,-0.0,0.0,0.0
1/4/20,0.0,0.0,0.0,0.0
2/4/20,0.0,0.0,0.0,0.0
3/4/20,0.0,0.0,-0.0,0.0
4/4/20,0.0,0.0,0.0,0.0
5/4/20,0.009903143,0.029980284,0.010592351,0.016786219
6/4/20,0.0,0.0,0.0,0.0
7/4/20,-0.0,-0.0,0.0,-0.0
8/4/20,0.0,0.0,0.0,0.0
9/4/20,-0.0,-0.0,0.0,-0.0
10/4/20,-0.0,-0.0,-0.0,-0.0
11/4/20,0.003289685,0.001030839,-0.000254485,0.006602665
12/4/20,-0.001640793,0.0,0.0,-0.001195815
13/4/20,-0.0,-0.0,-0.0,-0.0
14/4/20,0.0,-0.0,0.0,0.0
15/4/20,-0.0,-0.0,-0.0,-0.0
16/4/20,0.120507447,0.088548668,0.045584781,0.078761849
17/4/20,-0.0,-0.0,-0.0,-0.0
18/4/20,0.0,0.0,0.0,0.0
19/4/20,-0.0,-0.0,-0.0,-0.0
20/4/20,-0.0,-0.0,-0.0,-0.0
21/4/20,0.0,0.0,-0.0,0.0
22/4/20,0.0,0.0,0.0,0.0
23/4/20,0.0,0.0,0.0,0.0
24/4/20,0.0,0.0,0.0,0.0
25/4/20,0.0,0.0,0.0,0.0
26/4/20,0.0,0.0,0.0,0.0
27/4/20,0.005282954,0.014761774,0.026089168,-0.011903614
28/4/20,-0.0,-0.0,-0.0,0.0
29/4/20,0.0,0.0,0.0,0.0
30/4/20,-0.044046604,-0.030406817,-0.023639458,-0.079654132
1/5/20,0.028416167,0.018778779,0.017074927,0.068908693
2/5/20,-0.008828006,-0.023467516,-0.026751182,0.000196444
3/5/20,-0.019067974,-0.035867959,-0.016620442,-0.038450872
4/5/20,-0.0,-0.0,-0.0,0.0
5/5/20,-0.0,0.0,0.0,0.0
6/5/20,0.031269554,0.022859543,-0.002543452,0.011389181
7/5/20,-0.063432215,-0.04290833,-0.071041764,-0.046752421
8/5/20,-0.003260025,0.032802629,-0.021831198,0.01511071
9/5/20,-0.0,0.0,0.0,-0.0
10/5/20,-0.113448653,-0.13148682,-0.05814926,-0.078828673
11/5/20,-0.00969815,0.011117877,-0.019579093,0.005034624
12/5/20,0.02146611,-0.008241042,0.019741668,0.053769823
13/5/20,-0.050455043,-0.026152472,-0.025637801,-0.020412878
14/5/20,-0.018418373,-0.013277652,-0.022250125,0.009565715
15/5/20,-0.0,-0.0,-0.0,0.014223867
16/5/20,-0.028283487,-0.005258037,-0.008402402,-0.014616101
17/5/20,0.0,0.0,0.0,0.0
18/5/20,0.0,0.0,0.0,0.0
19/5/20,-0.0,-0.0,0.0,0.0
20/5/20,0.021670341,-0.0,-0.0,-0.002111562
21/5/20,-0.0,-0.0,-0.0,-0.0
22/5/20,0.0,0.0,0.0,0.0
23/5/20,-0.003671856,-0.002389182,0.003806055,-0.015543418
24/5/20,0.032967315,0.048619319,0.032577481,0.06879773
25/5/20,0.021037776,0.033295987,0.03467255,0.05041486
26/5/20,-0.0,-0.0,-0.0,-0.0
27/5/20,0.0,0.0,0.0,0.0
28/5/20,0.0,0.0,0.0,0.0
29/5/20,0.0,-0.0,0.0,-0.0
30/5/20,0.0,0.0,0.0,0.0
31/5/20,-0.0,-0.0,-0.0,-0.0
1/6/20,0.0,0.0,0.0,0.0
2/6/20,-0.0,-0.0,-0.0,-0.0
3/6/20,0.0,0.0,0.0,0.0
4/6/20,-0.0,0.0,0.0,0.0
5/6/20,-0.0,-0.0,-0.0,-0.0
6/6/20,0.0,-0.0,0.0,0.0
7/6/20,0.0,0.0,0.0,0.0
8/6/20,0.0,0.0,-0.0,-0.0
9/6/20,-0.0,-0.0,-0.0,-0.0
10/6/20,0.0,0.0,0.0,0.0
11/6/20,-0.0,-0.0,-0.0,-0.0
12/6/20,0.0,0.0,0.0,0.0
13/6/20,0.0,-0.0,0.0,-0.0
14/6/20,-0.0,-0.0,-0.0,-0.0
15/6/20,-0.0,-0.0,-0.0,0.0
16/6/20,0.01904983,0.007693972,0.004516319,0.012826387
17/6/20,0.006309707,-0.012263416,0.00197338,-0.052119451
18/6/20,-0.0,-0.0,-0.0,-0.0
19/6/20,-0.0,-0.0,-0.0,-0.0
20/6/20,-0.0,-0.0,0.0,-0.0
21/6/20,-0.0,-0.0,-0.0,-0.0
22/6/20,0.0,0.0,0.0,0.0
23/6/20,0.0,-0.0,-0.0,-0.0
24/6/20,-0.0,-0.0,-0.0,-0.0
25/6/20,-0.0,-0.0,-0.0,-0.0
26/6/20,-0.0,-0.0,-0.0,-0.0
27/6/20,-0.0,-0.0,-0.0,-0.0
28/6/20,0.0,0.0,0.0,0.0
29/6/20,0.0,0.0,-0.0,0.0
30/6/20,-0.0,-0.0,0.0,-0.0
1/7/20,0.0,0.0,0.0,0.0
2/7/20,-0.0,-0.0,0.0,-0.0
3/7/20,-0.007045871,0.004904865,-0.003494471,0.038429726
4/7/20,-0.018941629,-0.020315055,0.005503687,-0.035609052
5/7/20,-0.0,-0.0,0.0,-0.0
6/7/20,0.0,0.0,0.0,0.0
7/7/20,-0.009189445,-0.018785566,0.180040996,0.112526559
8/7/20,0.0,0.0,0.0,0.0
9/7/20,-0.0,-0.0,-0.0,-0.0
10/7/20,-0.0,0.0,-0.0,-0.0
11/7/20,-0.0,-0.0,0.0,0.0
12/7/20,0.0,0.0,-0.0,0.0
13/7/20,-0.0,-0.0,-0.0,-0.0
14/7/20,0.003917161,-0.00895509,0.037516984,0.064578755
15/7/20,-0.0,-0.0,-0.0,-0.0
16/7/20,0.021348602,0.014127469,0.034943235,0.036387482
17/7/20,-0.003860677,-0.007206674,0.023867481,-0.030454299
18/7/20,-0.012811381,0.0,0.0,-0.003756026
19/7/20,-0.014491176,-0.015042535,0.019883234,-0.010700491
20/7/20,-0.01304952,-0.022065758,-0.048788685,-0.05221887
21/7/20,0.039789302,0.03346152,0.023873487,0.045666244
22/7/20,0.0,0.0,-0.0,0.0
23/7/20,0.042897643,-0.005897255,0.003917108,0.003386827
24/7/20,0.0,-0.0,-0.0,-0.0
25/7/20,-0.089414601,-0.066615884,-0.01120963,-0.16339581
26/7/20,-0.01862904,0.015120508,0.004691511,-0.033346693
27/7/20,0.0,0.0,-0.0,-0.0
28/7/20,-0.0,0.0,0.0,0.0
29/7/20,0.0,-0.0,-0.0,-0.0
30/7/20,0.0,0.0,0.0,0.0
31/7/20,0.0,0.0,-0.0,-0.0
1/8/20,-0.111032615,-0.060965173,-0.141594333,-0.037617558
2/8/20,-0.0,-0.0,-0.0,-0.0
3/8/20,0.035659667,0.043631139,0.015075513,0.026195927
4/8/20,0.0,-0.0,0.0,0.0
5/8/20,0.0,0.0,-0.0,-0.0
6/8/20,0.014959612,-0.051463638,-0.016197896,-0.015137536
7/8/20,-0.0,-0.0,-0.0,-0.0
8/8/20,0.045578944,0.010304109,0.004964772,0.05655019
9/8/20,-0.017506196,-0.017810704,-0.013467638,-0.012599455
10/8/20,0.0,0.0,0.0,-0.0
11/8/20,-0.042462864,-0.070446592,-0.030383702,-0.049746611
12/8/20,0.0,0.0,0.0,-0.0
13/8/20,0.0,0.0,0.0,0.0
14/8/20,0.0,-0.0,0.0,-0.0
15/8/20,-0.0,0.0,-0.0,0.0
16/8/20,0.0,0.0,-0.0,0.0
17/8/20,-0.0,0.0,0.0,0.0
18/8/20,-0.0,-0.0,-0.0,-0.0
19/8/20,-0.0,-0.0,-0.0,-0.0
20/8/20,0.0,0.0,0.0,0.0
21/8/20,-0.069613002,-0.04040639,-0.018277003,-0.085406354
22/8/20,0.0,0.0,0.0,0.0
23/8/20,0.011527579,0.006198475,0.011012618,0.03033977
24/8/20,0.0,0.0,0.0,0.0
25/8/20,-0.0,-0.0,-0.0,-0.0
26/8/20,0.0,-0.0,0.0,0.0
27/8/20,-0.0,-0.0,-0.0,-0.0
28/8/20,0.030424505,0.014811752,0.019804466,0.018659326
29/8/20,0.0,-0.0,0.0,0.0
30/8/20,-0.07323321,-0.041472432,-0.007059211,-0.010611995
31/8/20,0.011243497,-0.021307033,-0.027917083,0.042172916
1/9/20,0.091596009,0.065691878,0.010483317,0.015548131
2/9/20,-0.078518838,-0.101688543,-0.039330558,-0.07992888
3/9/20,0.141789024,0.21077859,0.11802375,0.195798684
4/9/20,0.0,0.0,0.0,0.0
5/9/20,-0.0,-0.0,-0.0,-0.0
6/9/20,-0.051740942,-0.008646223,-0.007892075,-0.028479471
7/9/20,-0.002236726,-0.004688775,-0.010426804,-0.010741242
8/9/20,-0.0,-0.0,-0.0,-0.0
9/9/20,0.03911925,0.00761516,0.011581744,0.024957893
10/9/20,0.047533921,0.01457487,0.010274492,0.0397111
11/9/20,-0.0153733,0.00963373,0.00431889,0.000824317
12/9/20,0.0,0.0,0.0,0.0
13/9/20,0.056657952,-0.0,-0.0,0.027390446
14/9/20,0.0,0.0,0.0,0.0
15/9/20,-0.03524475,0.040611194,0.015215245,-0.036892885
16/9/20,0.0,-0.0,-0.0,-0.0
17/9/20,-0.064305687,-0.008883964,-0.000890773,-0.027697228
18/9/20,-0.0,0.0,-0.0,-0.0
19/9/20,0.002234812,-0.0,0.0,0.005264902
20/9/20,0.037582601,0.03012853,0.006183734,0.022681727
21/9/20,-0.086305993,-0.062748516,-0.065459762,-0.112773781
22/9/20,0.011248055,0.03514325,0.017556363,0.020212729
23/9/20,-0.070683468,-0.056597278,-0.038095439,-0.061123457
24/9/20,0.08441749,0.038902569,0.032974905,0.074294379
25/9/20,-0.008417918,-0.001386514,-0.026937403,-0.160706044
26/9/20,-0.005667022,-0.021926696,0.001592976,0.015177006
27/9/20,0.0,0.0,-0.0,0.0
28/9/20,0.009923477,0.015733822,0.016836044,0.009920716
29/9/20,-0.016336616,-0.014555786,-0.008378625,-0.007944431
30/9/20,0.0,-0.0,-0.0,0.0
1/10/20,-0.0,0.0,-0.0,-0.0
2/10/20,-0.0,-0.0,-0.0,-0.0
3/10/20,0.0,-0.0,0.0,0.0
4/10/20,0.0,0.0,0.0,0.0
5/10/20,-0.00354113,-0.003885781,0.005636822,-0.005354214
6/10/20,-0.0,-0.0,-0.0,-0.0
7/10/20,0.0,0.0,-0.0,0.0
8/10/20,0.0,0.0,0.0,0.0
9/10/20,0.0,0.0,0.0,0.0
10/10/20,0.0,0.0,0.0,0.0
11/10/20,0.0,0.0,0.0,0.0
12/10/20,0.0,0.0,-0.0,0.0
13/10/20,-0.0,0.0,-0.0,-0.0
14/10/20,-0.0,0.0,0.0,-0.0
15/10/20,-0.0,0.0,-0.0,-0.0
16/10/20,-0.032675082,-0.04667618,0.003346607,-0.023910057
17/10/20,0.0,-0.0,-0.0,0.0
18/10/20,0.0,0.0,0.0,0.0
19/10/20,0.0,0.0,0.0,0.0
20/10/20,-0.0,-0.0,0.0,-0.0
21/10/20,0.0,0.0,0.0,0.0
22/10/20,0.05869704,0.036018025,0.008730365,0.04505516
23/10/20,-0.0,0.0,-0.0,-0.0
24/10/20,0.0,0.0,-0.0,-0.0
25/10/20,-0.0,-0.0,0.0,-0.0
26/10/20,-0.0,-0.0,0.0,-0.0
27/10/20,0.0,0.0,0.0,-0.0
28/10/20,-0.0,0.0,-0.0,-0.0
29/10/20,-0.0,-0.0,-0.0,-0.0
30/10/20,-0.0,-0.0,0.0,-0.0
31/10/20,0.0,0.0,-0.0,-0.0
1/11/20,0.0,0.0,0.0,0.0
2/11/20,0.035017494,0.040933929,0.022905514,0.063650208
3/11/20,0.0,-0.0,-0.0,0.0
4/11/20,0.0,-0.0,0.0,0.0
5/11/20,0.0,0.0,0.0,0.0
6/11/20,0.0,0.0,0.0,0.0
7/11/20,0.046466748,0.015165426,0.03206466,0.074375934
8/11/20,0.0429291,0.064400668,0.013762538,0.0507254
9/11/20,-0.022212749,-0.024409233,-0.013013755,-0.008861295
10/11/20,0.013457829,-0.027156196,0.032765677,0.002742189
11/11/20,0.0,-0.0,-0.0,0.0
12/11/20,-0.0,0.0,0.0,-0.0
13/11/20,0.0,-0.0,0.0,0.0
14/11/20,-0.033161405,-0.015943099,-0.01523245,-0.020723175
15/11/20,-0.0,-0.0,0.0,-0.0
16/11/20,0.0,0.0,0.0,0.0
17/11/20,0.0,0.0,0.0,0.0
18/11/20,-0.007787164,-0.03652573,-0.010704067,-0.026754662
19/11/20,0.015079367,0.001422446,0.000584665,0.006400624
20/11/20,0.0,0.0,0.0,0.0
21/11/20,0.0,0.0,0.0,0.0
22/11/20,0.0,-0.0,-0.0,0.0
23/11/20,0.083138021,0.112217985,0.097715023,0.056332293
24/11/20,-0.0,0.0,0.0,0.0
25/11/20,-0.0,-0.0,-0.0,-0.0
26/11/20,0.091256948,0.142430121,0.132110804,0.11131688
27/11/20,-0.0,-0.0,0.0,0.0
28/11/20,-0.035678846,-0.038865665,-0.035777539,-0.151002024
29/11/20,0.0,0.0,0.0,0.0
30/11/20,-0.06768946,-0.1078168,-0.035587893,-0.031951222
1/12/20,-0.052261626,-0.098840926,-0.069745351,-0.10030987
2/12/20,0.019676649,0.022484446,0.012358951,0.018021948
3/12/20,-0.031270586,0.006993632,-0.019613669,-0.034305383
4/12/20,-0.082220933,-0.043879271,-0.043511035,-0.103816804
5/12/20,0.0,0.0,0.0,0.0
6/12/20,-0.007910985,0.011566444,0.001770591,0.007531574
7/12/20,-0.0,-0.0,-0.0,-0.0
8/12/20,-0.063429679,-0.058614208,-0.050315608,-0.08684021
9/12/20,0.032182773,0.003728565,-0.005088105,0.046764642
10/12/20,0.024911189,0.011039498,0.016580525,0.041960337
11/12/20,-0.0,-0.0,-0.0,-0.0
12/12/20,0.0,0.0,0.0,0.0
13/12/20,-0.039116436,-0.029896878,-0.030870398,-0.064893424
14/12/20,-0.0,0.0,-0.0,0.0
15/12/20,0.0,0.0,-0.0,-0.0
16/12/20,0.0,0.0,0.0,0.0
17/12/20,-0.008625862,0.004303154,-0.085117807,0.028840611
18/12/20,-0.017199915,-0.00833258,-0.038347145,-0.010110324
19/12/20,0.006372556,0.015203156,0.015802089,-0.004190077
20/12/20,-0.0,0.0,0.0,-0.0
21/12/20,-0.0,-0.0,0.0,-0.0
22/12/20,0.0,0.0,-0.0,0.0
23/12/20,-0.083337206,-0.158177079,-0.187209588,-0.137575277
24/12/20,-0.044670036,-0.075183438,-0.199796398,-0.115474216
25/12/20,0.0,0.0,-0.0,0.0
26/12/20,0.0,0.0,-0.0,0.0
27/12/20,-0.072119254,-0.043833525,-0.007483396,0.023766531
28/12/20,-0.064026611,-0.064898926,-0.011914662,-0.130723095
29/12/20,0.002174494,-0.021999234,-0.022038309,0.078527275
30/12/20,0.0,0.0,0.0,-0.0
31/12/20,0.021161754,0.047209268,-0.00985378,0.013964031
1/1/21,-0.0,-0.0,0.0,-0.0
2/1/21,0.060744859,0.036535842,0.616935155,0.013219676
3/1/21,-0.233500801,-0.177963841,0.069373619,-0.150084256
4/1/21,-0.06255412,0.043717008,0.00608718,-0.088740014
5/1/21,0.054315331,0.030600508,0.021154996,0.138440974
6/1/21,0.094403621,0.081166236,0.044146452,0.252627677
7/1/21,-0.013520995,0.012069724,0.067085588,0.107033134
8/1/21,0.006503422,0.024905805,0.000400331,-0.015286204
9/1/21,0.047398891,0.274273896,0.044075833,0.084303886
10/1/21,-0.0,0.0,-0.0,-0.0
11/1/21,-0.0,-0.0,-0.0,-0.0
12/1/21,-0.034488274,-0.053638511,-0.08897092,0.046698059
13/1/21,0.0,0.0,0.0,0.0
14/1/21,0.0,0.0,0.0,-0.0
15/1/21,0.052583827,0.071367605,0.004076151,0.033005651
16/1/21,0.049501835,-0.001958305,-0.012383226,0.149930084
17/1/21,-0.003755675,0.021401896,0.015128915,-0.082340892
18/1/21,0.0,0.0,0.0,-0.0
19/1/21,0.081537325,-0.003759884,-0.014862246,-0.010915158
20/1/21,0.0,-0.0,0.0,0.0
21/1/21,0.214675451,0.171382512,0.103609802,0.198166344
22/1/21,0.103917479,0.049190435,0.041936829,0.124513265
23/1/21,0.0,-0.0,0.0,-0.0
24/1/21,0.0,0.0,0.0,0.0
25/1/21,-0.0,-0.0,-0.0,-0.0
26/1/21,0.035840414,-0.01121281,-0.012495569,0.000641044
27/1/21,-0.0,-0.0,-0.0,-0.0
28/1/21,0.0,0.0,0.0,0.0
29/1/21,0.036775282,0.0056173,0.229295087,0.009918966
30/1/21,0.001051658,-0.024247289,0.485146272,-0.04633165
31/1/21,0.048697646,0.043421168,-0.269470535,0.054334351
1/2/21,-0.045878102,-0.037311708,0.060803523,-0.17030867
2/2/21,0.0,0.0,-0.0,0.0
3/2/21,0.096171475,0.036037263,0.172733135,0.039018873
4/2/21,0.042225059,0.058124108,-0.350644133,0.005787382
5/2/21,0.0,0.0,-0.0,0.204757319
6/2/21,-0.0,0.0,0.0,0.0
7/2/21,-0.039378927,-0.028763976,0.301250393,0.041147268
8/2/21,-0.082461614,-0.084439502,-0.00990018,-0.02286506
9/2/21,-0.010786402,-0.060975807,0.116975071,-0.042321801
10/2/21,-0.0,-0.0,0.0,0.0
11/2/21,0.0,0.0,-0.0,-0.0
12/2/21,0.030141172,0.083222471,0.002648001,-0.003995211
13/2/21,0.013843437,-0.147883265,0.051876227,0.01226849
14/2/21,-0.008043458,0.075124962,-0.055276763,-0.078999064
15/2/21,0.011828044,0.006852585,0.103774657,-0.020867936
16/2/21,-0.00153879,0.01425871,0.055007683,-0.009899413
17/2/21,-0.037390055,-0.01555762,0.076882579,-0.025040183
18/2/21,-0.04736615,0.017956332,-0.171776173,-0.02475659
19/2/21,-0.007903271,-0.021481412,0.066193543,-0.012379046
20/2/21,-0.021717503,-0.058258616,-0.015790987,0.186550333
21/2/21,0.0,0.0,0.0,-0.0
22/2/21,-0.084094459,-0.1159123,-0.044956189,-0.001739551
23/2/21,-0.0,-0.0,-0.0,-0.0
24/2/21,0.028428044,0.021384933,0.175366886,0.086628409
25/2/21,-0.0,-0.0,-0.0,0.0
26/2/21,0.025398277,0.030913012,-0.011216307,-0.143456118
27/2/21,0.009329249,-0.00229384,-0.00804187,0.055539193
28/2/21,-0.0,-0.0,-0.0,-0.0
1/3/21,0.100907203,0.0863356,0.049327732,-0.012084647
2/3/21,-0.054373736,0.031418457,-0.004542522,-0.058347599
3/3/21,-0.052990491,-0.00616311,0.0,0.007956001
4/3/21,-0.0,-0.0,-0.0,-0.0
5/3/21,-0.007119742,-0.016139518,-0.009204708,0.041115733
6/3/21,0.0,0.0,0.0,-0.0
7/3/21,-0.044911902,-0.031823639,-0.019978148,-0.00125696
8/3/21,0.0,0.0,0.0,-0.0
9/3/21,0.0,0.0,-0.0,0.0
10/3/21,0.041139249,-0.001740581,0.035906192,0.055460793
11/3/21,0.016935421,0.006532155,0.001062633,-0.007364084
12/3/21,-0.033233567,-0.020969444,-0.011789525,-0.085594126
13/3/21,0.0,0.0,0.0,0.0
14/3/21,0.039390312,0.073278207,0.07553697,0.044208404
15/3/21,0.030000218,0.053620477,0.021737099,0.020543473
16/3/21,0.006469205,0.010079005,0.029090495,0.191977064
17/3/21,0.01017453,0.024429523,-0.013020304,0.097371853
18/3/21,-0.0,-0.0,-0.0,-0.0
19/3/21,-0.018420795,-0.007920535,-0.015549335,-0.051905675
20/3/21,-0.00165966,0.006888704,0.009762109,-0.075605086
21/3/21,-0.0,-0.0,-0.0,-0.0
22/3/21,-0.0,-0.0,-0.0,-0.0
23/3/21,0.007697743,-0.003314281,0.028360788,-0.013427378
24/3/21,-0.053084538,-0.074228464,-0.035359917,-0.043357924
25/3/21,-0.002462449,0.002998883,0.004546276,-0.024559817
26/3/21,0.06889449,0.067488639,0.050677687,0.102783265
27/3/21,0.0,-0.0,0.0,-0.0
28/3/21,0.015072469,0.00709692,0.014253499,-0.011028545
29/3/21,0.0,0.0,0.0,0.0
30/3/21,0.012971854,0.014155833,-0.002288108,0.007869882
31/3/21,0.041981467,0.028704364,-0.004275771,-0.016624062
1/4/21,0.0,0.0,0.0,-0.0
2/4/21,-0.08080967,-0.042176303,0.076306527,-0.005232239
3/4/21,0.060454743,-0.0,-0.0,0.023466873
4/4/21,0.032895496,0.055339077,0.033358392,0.016789052
5/4/21,-0.015151841,-0.143342145,-0.044386234,-0.024848178
6/4/21,-0.002289323,-0.023349741,-0.070855383,-0.032635415
7/4/21,-0.073021477,-0.072887237,-0.091437691,-0.064674846
8/4/21,0.057875707,0.043555579,0.049892274,0.03817669
9/4/21,0.006553637,0.019050287,0.003177395,0.014248962
10/4/21,0.031723751,0.064255295,0.033982896,0.012779779
11/4/21,0.0,0.0,0.0,0.0
12/4/21,-0.006374394,-0.02832459,-0.049584035,0.039386593
13/4/21,0.07283108,0.105712488,0.288631656,0.072021052
14/4/21,-0.056403757,-0.089431927,-0.251799587,-0.026864973
15/4/21,-0.032930377,-0.059517346,-0.40662036,-0.018627293
16/4/21,-0.037020783,0.243748019,0.695129204,-0.047313444
17/4/21,-0.04433807,-0.106788269,-0.25830687,-0.030147248
18/4/21,-0.0,-0.0,0.0,-0.0
19/4/21,-0.033900935,-0.087232946,0.237902409,-0.066731072
20/4/21,-0.075254537,-0.054072536,0.25356566,-0.058837391
21/4/21,0.0,-0.0,-0.0,-0.0
22/4/21,-0.017194956,0.063711762,0.159790739,0.050769556
23/4/21,0.012821953,0.016237461,0.042499985,-0.012733272
24/4/21,-0.067280878,-0.085693028,0.077699314,-0.049348292
25/4/21,-0.047271165,0.015092356,0.070621181,0.010546227
26/4/21,0.087468073,0.112087349,0.076566435,0.125723569
27/4/21,-0.05138154,-0.047955102,-0.002610632,-0.054105498
28/4/21,0.0,0.0,0.0,0.0
29/4/21,0.0,-0.0,-0.0,-0.0
30/4/21,0.005562945,0.122844744,0.10182397,0.035273444
1/5/21,0.060310131,0.008263022,0.146928039,-0.001183082
2/5/21,-0.001625291,0.031905217,0.044199444,0.01859442
3/5/21,0.151207416,0.043050623,0.165821223,0.026406384
4/5/21,-0.057595695,-0.065265208,0.198864971,-0.070241632
5/5/21,0.084402758,0.424324452,0.194245577,0.153047536
6/5/21,-0.009846116,0.037658529,-0.11825333,0.108322741
7/5/21,0.002927142,0.118419307,0.0,-0.002362134
8/5/21,0.116706641,0.041020077,-0.079535458,-0.019486888
9/5/21,0.0,0.0,-0.0,0.0
10/5/21,0.005573197,-0.077511129,-0.235850337,-0.072789265
11/5/21,-0.056071035,-0.158023519,-0.090145742,-0.071032642
12/5/21,0.087652648,0.22439473,0.230795508,0.116436959
13/5/21,-0.027928701,0.017683969,0.223041401,0.206619347
14/5/21,0.091711518,0.029639337,0.134136481,0.039278515
15/5/21,0.111056036,0.101077407,0.095855253,-0.080161521
16/5/21,0.017867944,0.004327678,-0.010075898,-0.056243311
17/5/21,-0.087340847,-0.086755051,-0.052349147,-0.124615514
18/5/21,-0.027807691,-0.01813802,0.024418804,0.013434999
19/5/21,0.324860746,0.450102366,0.367446889,0.312203342
20/5/21,0.126793683,0.163227811,0.187971574,0.205377722
21/5/21,0.130054533,0.173372543,0.105477899,0.150316727
22/5/21,0.057618271,0.087580134,0.045136775,0.057382449
23/5/21,-0.0,-0.0,-0.0,-0.0
24/5/21,-0.233750194,-0.311174256,-0.17766979,-0.165255117
25/5/21,-0.021175565,0.047823125,0.055951772,-0.002062388
26/5/21,0.0,0.0,0.0,0.0
27/5/21,-0.0,-0.0,-0.0,-0.0
28/5/21,-0.0,-0.0,-0.0,-0.0
29/5/21,-0.0,-0.0,-0.0,-0.0
30/5/21,0.045987283,0.014768618,-0.00334111,0.11577724
31/5/21,-0.125917019,-0.059836631,-0.075846081,-0.098013422
1/6/21,-0.0,-0.0,0.0,-0.0
2/6/21,0.0,0.0,0.0,0.0
3/6/21,0.0,0.0,-0.0,0.0
4/6/21,0.060500603,0.069354596,0.063079101,0.07749443
5/6/21,-0.0,-0.0,-0.0,-0.0
6/6/21,-0.031536515,-0.010402956,-0.00035006,-0.013204681
7/6/21,0.045207803,0.095317801,0.113853282,0.068605373
8/6/21,-0.0,-0.0,-0.0,0.0
9/6/21,0.040240626,0.062966676,0.05178725,0.028664184
10/6/21,0.054759836,0.053271008,0.051173677,0.060194712
11/6/21,-0.048539092,-0.040866358,-0.022831192,-0.064468934
12/6/21,0.0,0.0,-0.0,0.0
13/6/21,-0.056813643,-0.056086959,-0.037042437,-0.051205387
14/6/21,0.028072019,0.044694122,0.011448691,0.012956939
15/6/21,-0.0,-0.0,-0.0,-0.0
16/6/21,-0.0,-0.0,-0.0,-0.0
17/6/21,-0.002273701,-0.008753452,0.005081941,0.001684807
18/6/21,-0.060438978,-0.061525562,-0.04307804,-0.045749466
19/6/21,-0.0,-0.0,-0.0,-0.0
20/6/21,0.0,0.0,-0.0,-0.030178078
21/6/21,-0.0,-0.0,-0.0,-0.0
22/6/21,-0.003299009,-0.025216465,0.064930097,-0.014845598
23/6/21,0.04620021,0.062691627,0.2074165,0.078531967
24/6/21,-0.010804469,-0.029530669,-0.116854627,-0.083675683
25/6/21,0.095218705,0.080669239,0.105120436,0.082956632
26/6/21,0.011444527,0.022800283,0.034683165,0.0
27/6/21,0.0,0.0,0.0,0.0
28/6/21,-0.050238144,-0.049090112,0.02849283,0.00900907
29/6/21,-0.038086933,-0.043249351,0.0,-0.034831235
30/6/21,0.0,0.0,-0.0,0.0
1/7/21,-0.0,-0.0,-0.0,-0.0
2/7/21,0.0,-0.0,0.0,0.0
3/7/21,0.0,0.0,0.0,0.0
4/7/21,0.0,0.0,0.0,0.0
5/7/21,-0.055847154,-0.043496925,-0.06422746,-0.040209228
6/7/21,0.0,0.0,0.0,0.0
7/7/21,-0.0,-0.0,-0.0,-0.0
8/7/21,-0.0,-0.0,-0.0,-0.0
9/7/21,0.0,0.0,0.0,0.0
10/7/21,0.017051953,0.014424384,0.027137205,0.011020216
11/7/21,0.014001179,0.002351642,0.010332401,0.009612235
12/7/21,0.052202272,0.037910215,0.038804075,0.026982961
13/7/21,-0.046048526,-0.030658285,-0.038168078,-0.036937781
14/7/21,0.0,0.0,-0.0,-0.0
15/7/21,-0.0,-0.0,-0.0,-0.0
16/7/21,-0.022789511,-0.040008916,-0.074581227,-0.045906416
17/7/21,0.0,-0.0,0.0,0.0
18/7/21,0.004193896,-0.004233464,0.031283893,-0.007818515
19/7/21,0.039305722,0.053902314,0.044772251,0.051057186
20/7/21,-0.018143176,-0.040476623,-0.018309675,-0.063060772
21/7/21,0.110899366,0.077754483,0.110882871,0.105445909
22/7/21,-0.014457747,-0.026237399,-0.004034693,-0.012305497
23/7/21,0.0,0.0,0.0,0.0
24/7/21,0.0,0.0,0.0,0.0
25/7/21,0.0,-0.0,0.0,-0.0
26/7/21,-0.017334579,-0.055778922,-0.028342079,-0.021502741
27/7/21,0.031547131,0.042366458,0.010892237,0.019566699
28/7/21,0.000612992,0.018750796,-0.000534513,0.005920404
29/7/21,-0.035026276,-0.052358408,0.0035057,0.001476818
30/7/21,0.032570225,0.025411977,0.017934015,0.019412102
31/7/21,0.0,-0.0,-0.0,0.0
1/8/21,0.0,-0.0,-0.0,-0.0
2/8/21,0.0,0.0,-0.0,-0.0
3/8/21,0.038273074,0.008688473,0.035094834,-0.045790142
4/8/21,0.082487481,0.013132843,0.026497943,0.005025319
5/8/21,0.03682485,0.004880689,-0.002882133,0.006805702
6/8/21,0.022590524,0.016332283,0.019075424,0.01190661
7/8/21,0.0,0.0,0.0,0.0
8/8/21,-0.0,-0.0,-0.0,-0.0
9/8/21,0.0,0.0,0.0,0.0
10/8/21,-0.0,0.0,0.0,0.0
11/8/21,0.00597892,0.046708093,0.027331751,0.066510651
12/8/21,0.036914121,0.023089614,0.001665216,-0.021513323
13/8/21,0.086847212,0.076553447,0.082344747,0.154524826
14/8/21,0.017967283,-0.055921648,-0.025316064,-0.022745063
15/8/21,0.0,0.0,0.0,-0.0
16/8/21,-0.04976839,-0.043748305,-0.061529869,-0.044980566
17/8/21,0.043788914,0.052004098,0.065398406,0.073870331
18/8/21,0.0,-0.0,0.0,0.0
19/8/21,0.05472539,0.043029543,0.046966666,0.148465887
20/8/21,0.0311359,0.050475325,0.029609517,0.005963096
21/8/21,-0.0,-0.0,-0.0,-0.0
22/8/21,-0.004509845,0.004852181,0.006177846,-0.105487865
23/8/21,-0.025394396,-0.008781924,-0.009992178,-0.074873485
24/8/21,-0.0,-0.0,-0.0,-0.0
25/8/21,0.0,0.0,0.0,0.0
26/8/21,-0.0,-0.0,-0.0,-0.0
27/8/21,-0.056638321,-0.048153574,-0.092460982,-0.153019842
28/8/21,-0.008889384,0.016529302,-0.028947576,-0.03418251
29/8/21,0.006496672,-0.018995669,0.017993077,-0.001404002
30/8/21,0.001912257,-0.041201429,-0.032196668,-0.041904072
31/8/21,-0.059956322,-0.00661941,-0.022178695,-0.011997963
1/9/21,0.0,0.0,0.0,0.0
2/9/21,-0.010771663,0.013030487,0.001358235,0.031225731
3/9/21,0.0,0.0,0.0,0.0
4/9/21,-0.0,-0.0,0.0,-0.0
5/9/21,0.0,0.0,0.0,0.0
6/9/21,-0.0,0.0,-0.0,-0.0
7/9/21,-0.0,-0.0,-0.0,-0.0
8/9/21,0.018585477,-0.016017108,0.005860536,-0.01765696
9/9/21,0.02139618,0.001812416,0.016496839,-0.019246785
10/9/21,0.0651653,0.050537722,0.052023107,0.055104738
11/9/21,0.018020676,0.011383522,0.005408792,0.101660856
12/9/21,0.0,0.0,0.0,-0.0
13/9/21,0.03553971,0.051415417,0.05927661,0.071875197
14/9/21,0.044360312,0.042403547,0.020151815,-0.002501043
15/9/21,0.050857166,0.018403056,0.028678737,0.044488054
16/9/21,-0.0,-0.0,-0.0,-0.0
17/9/21,-0.0,-0.0,-0.0,-0.0
18/9/21,0.0,0.0,0.0,0.0
19/9/21,-0.031645422,-0.03566332,-0.034573427,-0.03782144
20/9/21,-0.0,-0.0,-0.0,-0.0
21/9/21,-0.073644053,-0.071206486,-0.037611271,-0.045764443
22/9/21,0.0,0.0,0.0,0.0
23/9/21,-0.024266692,-0.009087667,-0.000445335,-0.030543386
24/9/21,0.073695198,0.073565329,0.071508436,0.021721097
25/9/21,-0.002324684,0.006405923,-0.003833258,0.010050336
26/9/21,0.0,-0.0,-0.0,-0.0
27/9/21,0.044712843,0.0306723,0.026193739,0.035512148
28/9/21,-0.0,-0.0,-0.0,-0.0
29/9/21,-0.016105424,-0.02231351,-0.011133718,-0.014136233
30/9/21,0.0,0.0,0.0,0.0
1/10/21,0.0,0.0,0.0,0.0
2/10/21,0.0,0.0,-0.0,-0.0
3/10/21,0.008807652,0.03366002,0.01499006,0.001778569
4/10/21,0.009235755,0.036199013,-0.084679234,0.027016501
5/10/21,0.037375503,0.07653052,0.041385216,0.018987912
6/10/21,0.01681807,0.037310369,0.009887365,-0.010806048
7/10/21,-0.003512812,0.009443248,0.045489831,-0.030757941
8/10/21,-0.006807847,-0.025011656,0.005339918,-0.018162183
9/10/21,-0.003275453,-0.031371237,-0.010595046,-0.013762703
10/10/21,-0.0,-0.0,-0.0,-0.0
11/10/21,-0.036776355,-0.027995083,-0.010434877,0.008256928
12/10/21,0.014405431,0.022537113,0.022305758,0.024715644
13/10/21,0.0,0.0,0.0,0.0
14/10/21,0.049589519,0.009054388,-0.000430015,-0.008253142
15/10/21,0.0,0.0,0.0,0.0
16/10/21,-0.0,-0.0,0.0,-0.0
17/10/21,0.0,-0.0,0.0,-0.0
18/10/21,-0.0,-0.0,0.0,-0.0
19/10/21,-0.034658461,-0.011382237,0.008116928,0.008494624
20/10/21,-0.070722082,-0.0414879,-0.037589391,-0.037213596
21/10/21,0.026336598,0.033596725,0.04988967,0.024498567
22/10/21,-0.020134783,0.000801732,0.009034969,0.008851677
23/10/21,0.0,0.0,0.0,0.0
24/10/21,0.020557246,0.019097106,-0.093099273,0.02146606
25/10/21,0.033254898,0.006620937,-0.038843426,0.011257155
26/10/21,0.021277424,0.015245187,0.03532037,0.003270267
27/10/21,-0.05204365,-0.109563923,-0.072936326,-0.111253162
28/10/21,0.088756836,0.053779261,0.230931557,0.038476149
29/10/21,0.03052997,0.027441006,-0.039127291,0.013993232
30/10/21,0.022012953,0.016100678,0.068943304,0.030229002
31/10/21,0.008239409,-0.019625059,-0.040078224,-0.004593016
1/11/21,0.007487277,-0.016895148,-0.030459207,-0.007666789
2/11/21,0.06073261,0.019404979,0.008432681,0.011224608
3/11/21,0.002928241,0.020837533,-0.018423513,0.045620206
4/11/21,0.01555035,0.025527658,0.022185531,0.039550385
5/11/21,-0.0,0.0,-0.0,-0.0
6/11/21,-0.009732913,0.017382937,-0.003443661,-0.011537625
7/11/21,0.020720103,0.021890081,0.017418085,0.007948378
8/11/21,-0.041487516,-0.061368946,-0.056553459,-0.050179364
9/11/21,-0.015859356,0.116807901,-0.029885212,0.066008029
10/11/21,0.022124347,0.079148798,0.069227862,0.07927208
11/11/21,-0.019303578,-0.019273025,-0.020163537,0.008620743
12/11/21,-0.0,-0.0,-0.0,-0.0
13/11/21,-0.0,-0.0,0.0,0.0
14/11/21,0.003835712,-0.020668344,-0.005724114,0.004889985
15/11/21,0.013649415,0.020668344,0.023874834,0.011338549
16/11/21,-0.080745589,-0.10743264,-0.081570244,-0.073536075
17/11/21,0.018368142,-0.004694844,0.003798274,0.001066667
18/11/21,0.07025472,0.070674958,0.072489168,0.049163368
19/11/21,0.0,0.0,0.0,0.0
20/11/21,0.0,0.0,0.0,0.0
21/11/21,0.035494264,0.017430763,0.032718295,0.046321829
22/11/21,-0.041313214,-0.030940327,-0.026967926,-0.032680837
23/11/21,-0.060186153,-0.025178635,-0.031834116,0.014176591
24/11/21,-0.016281374,0.080217793,-0.043288995,-0.04976151
25/11/21,0.058120494,-0.003237296,0.017812757,0.005387622
26/11/21,0.11304275,0.101441128,0.091424574,0.088586565
27/11/21,0.0,0.0,0.0,0.0
28/11/21,-0.047562799,-0.010606428,-0.011644964,-0.032518007
29/11/21,0.0,0.0,0.0,0.0
30/11/21,-0.040938895,0.007858244,0.001396323,0.029796182
1/12/21,-0.010270126,0.000701017,-0.025473075,-0.003868477
2/12/21,0.015777485,0.016070986,-0.00095511,-0.104778951
3/12/21,0.067742643,0.053572813,0.046906498,0.099624301
4/12/21,-0.023637303,-0.117876954,-0.115472051,-0.091461554
5/12/21,0.019051082,-0.043626007,-0.039512727,-0.030023699
6/12/21,-0.035385122,-0.047001537,-0.036701367,-0.030023699
7/12/21,-0.0,-0.0,-0.0,-0.0
8/12/21,-0.0298559,-0.012779057,-0.015766092,-0.012977832
9/12/21,-0.07759655,-0.068487468,-0.05689555,-0.07974428
10/12/21,0.05191343,0.022543786,0.030014258,0.062420259
11/12/21,0.047942716,0.046115755,0.028830826,0.11161671
12/12/21,-0.009886483,0.002834407,-0.004725348,0.005925943
13/12/21,0.088042946,0.082337916,0.075877362,0.095830375
14/12/21,0.02017103,0.034944156,0.193594921,0.034555467
15/12/21,0.04064753,0.024424552,-0.054358283,0.034927881
16/12/21,-0.0,-0.0,-0.0,-0.0
17/12/21,0.021112595,0.031991602,0.027511246,0.01790121
18/12/21,0.0,0.0,0.0,0.0
19/12/21,0.009079129,0.006678206,0.016974361,-0.000804829
20/12/21,0.005233292,-0.006025511,-0.013670347,-0.004838719
21/12/21,0.0,0.0,0.0,0.0
22/12/21,-0.0,0.0,0.0,0.0
23/12/21,0.032607339,0.039168037,0.067064231,0.105737234
24/12/21,-0.015948324,-0.008375628,0.00646554,-0.057916428
25/12/21,0.0,0.0,0.0,0.0
26/12/21,-0.0,-0.0,-0.0,0.0
27/12/21,-0.0,0.0,-0.0,0.0
28/12/21,-0.062467464,-0.058182946,-0.077429485,-0.079603051
29/12/21,-0.0,-0.0,-0.0,-0.0
30/12/21,-0.021550103,-0.003713163,-0.018284201,-0.020067563
31/12/21,0.008947321,0.003480686,0.004686593,0.038249882
1/1/22,0.024003507,0.033374526,0.016885408,0.053584246
2/1/22,-0.016521727,-0.006498622,-0.007477746,0.002176279
3/1/22,-0.0,-0.0,-0.0,-0.0
4/1/22,0.005090727,-0.01763796,-0.011219486,-0.007610387
5/1/22,0.066770271,0.067054757,0.0574379,0.062249318
6/1/22,-0.038528308,0.001001001,0.005644418,0.039845909
7/1/22,-0.062863088,-0.035904557,-0.031123503,-0.056239718
8/1/22,0.037675291,0.033749578,0.026807751,0.024258822
9/1/22,0.022789663,0.010404256,-0.002654282,-0.009357788
10/1/22,0.022228306,0.03566018,0.050419398,0.041000073
11/1/22,-0.049687558,-0.016907957,-0.072109371,-0.05542544
12/1/22,0.039799655,0.037159265,0.056869396,0.100123575
13/1/22,-0.0,-0.0,0.0,-0.0
14/1/22,0.0,0.0,0.0,0.0
15/1/22,0.005613978,0.012883456,0.007071011,-0.000774293
16/1/22,-0.006246161,-0.0,-0.0,-0.088172593
17/1/22,-0.04186044,-0.019514084,-0.033394007,0.128287169
18/1/22,-0.01564357,0.002099738,-0.03394193,-0.09481124
19/1/22,-0.024290617,-0.033323089,-0.022046208,-0.086637335
20/1/22,0.02712844,0.031390242,0.039146413,0.060110543
21/1/22,0.155919705,0.126880234,0.090236146,0.11698907
22/1/22,-0.062654892,-0.076186492,-0.063270826,-0.044735894
23/1/22,0.051243338,0.036012641,0.062565856,0.04830096
24/1/22,0.040067228,0.034300605,0.032249301,0.053918952
25/1/22,-0.007978614,0.002397672,-0.038576212,0.020873623
26/1/22,-0.001690432,0.008610351,-0.002799162,-0.032078222
27/1/22,-0.015853861,0.001728011,-0.011950933,-0.033037455
28/1/22,0.0,0.0,0.0,0.0
29/1/22,-0.021934573,-0.006715942,-0.011251877,-0.010441481
30/1/22,-9.61e-05,0.02989353,0.027651531,0.02292364
31/1/22,-0.032245609,0.017391743,-0.017106618,-0.015340665
1/2/22,0.0,0.0,0.0,0.0
2/2/22,0.038981508,0.03501684,0.037956579,0.065025258
3/2/22,0.005502113,0.01216473,0.006547859,0.032569929
4/2/22,0.105372016,0.085172323,0.069331224,0.070060476
5/2/22,0.0,0.0,-0.0,-0.0
6/2/22,0.013956229,0.013019403,0.046550958,0.015873349
7/2/22,0.0,0.0,0.0,0.0
8/2/22,-0.007378008,-0.022399993,-0.044534261,-0.019369027
9/2/22,0.0,0.0,0.0,0.0
10/2/22,-0.0,-0.0,-0.0,-0.0
11/2/22,0.048325828,0.059872777,0.045954031,0.063727256
12/2/22,-0.002962499,0.029477111,-0.001384083,-0.01870962
13/2/22,-0.0,0.0,0.0,-0.0
14/2/22,-0.020211415,0.009336011,0.015662561,-0.006695386
15/2/22,0.0,0.0,0.0,0.053816324
16/2/22,-0.0,-0.0,-0.0,-0.0
17/2/22,-0.0,-0.0,-0.0,-0.0
18/2/22,0.039639492,-0.0,0.0,0.024815169
19/2/22,-0.005718827,0.006110326,0.016458332,0.00100452
20/2/22,-0.0,-0.0,-0.0,-0.0
21/2/22,-0.020798397,-0.06625844,-0.063465403,-0.083988901
22/2/22,0.0,0.0,0.0,0.0
23/2/22,-0.021695636,-0.016853365,-0.030938276,-0.025086834
24/2/22,-0.006371848,-0.041778873,0.025458813,0.015125361
25/2/22,0.064253208,0.025941366,0.027812679,0.051410521
26/2/22,-0.003958217,-0.021802723,-0.0,0.012325086
27/2/22,-0.0,-0.0,-0.0,-0.0
28/2/22,0.0,0.0,0.0,0.0
1/3/22,0.0,-0.0,0.0,0.0
2/3/22,-0.0,-0.0,-0.0,-0.0
3/3/22,0.039203884,0.015421234,0.025125037,0.039092926
4/3/22,-0.0,-0.0,-0.0,-0.0
5/3/22,0.0,0.0,0.0,0.0
6/3/22,-0.0,-0.0,-0.0,-0.0
7/3/22,-0.0,-0.0,-0.0,-0.0
8/3/22,0.0,0.0,0.0,0.0
9/3/22,0.056968608,0.076063007,0.037740328,0.056950578
10/3/22,0.045109716,0.059689187,0.038595394,0.050735518
11/3/22,-0.01930511,-0.005891544,-0.012048339,-0.023825578
12/3/22,0.004658921,0.010717475,-0.006950506,0.001268231
13/3/22,-0.0,-0.0,-0.0,-0.0
14/3/22,0.0,0.0,0.0,0.0
15/3/22,-0.010877479,0.000691085,0.011479155,0.00249688
16/3/22,0.057914296,0.035651374,0.039186555,0.046406373
17/3/22,0.0,-0.0,-0.0,-0.0
18/3/22,0.0,0.0,0.0,0.0
19/3/22,0.0,0.0,0.0,0.0
20/3/22,-0.0,-0.0,-0.0,-0.0
21/3/22,0.0,0.0,0.0,0.0
22/3/22,0.0,0.0,0.0,0.0
23/3/22,0.022100126,-0.030838257,0.058700434,0.127874396
24/3/22,-0.02432621,-0.005752652,-0.052525201,-0.020545609
25/3/22,-0.0,-0.0,-0.0,-0.0
26/3/22,0.0,-0.0,0.0,0.0
27/3/22,-0.046789527,-0.039263199,-0.062698594,-0.027398974
28/3/22,0.0,-0.0,-0.0,-0.0
29/3/22,0.020076624,0.012941674,0.013245227,0.017789542
30/3/22,0.004338159,-0.01805199,0.008344972,0.001680673
31/3/22,-0.0,0.0,-0.0,-0.041207547
1/4/22,-0.051579555,0.018647947,-0.022907229,-0.020816016
2/4/22,-0.0,-0.0,-0.0,-0.0
3/4/22,0.0,0.0,0.0,0.0
4/4/22,0.000684522,0.006359322,-0.012877169,-0.021685587
5/4/22,-0.032489731,-0.029128273,0.150971027,-0.034413803
6/4/22,-0.0,-0.0,-0.0,-0.0
7/4/22,0.0,0.0,0.0,0.03456673
8/4/22,-0.0,-0.0,-0.0,-0.0
9/4/22,0.0,0.0,0.0,0.0
10/4/22,0.01718809,0.018894785,-0.027361488,0.017374954
11/4/22,-0.0,-0.0,-0.0,-0.0
12/4/22,0.0,0.0,0.0,0.0
13/4/22,0.0,0.0,0.0,0.0
14/4/22,-0.0,-0.0,0.0,-0.0
15/4/22,0.0,0.0,0.0,0.0
16/4/22,0.0,0.0,-0.0,-0.0
17/4/22,-0.0,-0.0,-0.0,-0.0
18/4/22,0.0,0.0,0.0,0.0
19/4/22,0.0,0.0,0.0,0.0
20/4/22,-0.0,-0.0,-0.0,-0.0
21/4/22,-0.030519134,-0.046736031,-0.03250557,-0.029238683
22/4/22,-0.0,0.0,0.0,-0.0
23/4/22,-0.0,-0.0,-0.0,-0.0
24/4/22,-0.0,-0.0,-0.0,0.0
25/4/22,-0.028890501,-0.021858794,-0.182701135,-0.012784743
26/4/22,0.067749485,-0.0,0.138876819,0.083027993
27/4/22,-0.027829537,-0.037139547,-0.017291497,-0.017047232
28/4/22,0.016468242,-0.002281246,-0.018018506,0.003683245
29/4/22,0.041646182,0.039599251,0.019090154,0.046610378
30/4/22,-0.032641219,-0.05907711,-0.05720202,-0.063081664
1/5/22,0.0,0.0,0.0,0.0
2/5/22,0.011169997,0.003514942,-0.014421502,-0.010952733
3/5/22,-0.0,-0.0,-0.0,-0.012629034
4/5/22,-0.055564993,-0.071138028,-0.04823844,-0.152908639
5/5/22,-0.0,-0.0,-0.0,-0.0
6/5/22,-0.0,-0.0,-0.0,-0.0
7/5/22,-0.0,-0.0,-0.0,-0.0
8/5/22,-0.0,-0.0,-0.0,-0.0
9/5/22,-0.122792666,-0.183162568,-0.197095752,-0.206964191
10/5/22,0.049675464,0.060543632,0.058139287,0.043403806
11/5/22,-0.116262555,-0.172093267,-0.235956773,-0.192169443
12/5/22,-0.061707347,-0.003598051,-0.032164774,-0.091596244
13/5/22,0.024923769,0.041357382,0.064462852,0.111258995
14/5/22,-0.023015302,-0.031130919,-0.014648149,-0.015382033
15/5/22,-0.042278958,-0.028795948,-0.04162704,-0.107387499
16/5/22,0.058366988,0.083928018,0.057410907,0.071372273
17/5/22,0.0,0.0,0.0,0.0
18/5/22,0.087733442,0.10166187,0.080688911,0.132888767
19/5/22,-0.053099652,-0.050088717,-0.038851266,-0.05293259
20/5/22,-0.0,-0.0,-0.0,-0.0
21/5/22,-0.008128865,-0.012026289,-0.005934736,-0.023737715
22/5/22,0.0,0.0,0.0,0.0
23/5/22,-0.0,-0.0,-0.0,-0.0
24/5/22,0.0,0.0,0.0,0.0
25/5/22,0.018756095,0.027995607,0.00839837,0.014086099
26/5/22,-0.0,-0.0,-0.0,-0.0
27/5/22,-0.036918527,-0.025975486,0.046403309,-0.047684073
28/5/22,0.0,0.0,0.0,0.0
29/5/22,0.011880801,0.0357279,0.010942358,0.036767294
30/5/22,-0.097201119,-0.061259663,-0.062117212,-0.167341308
31/5/22,-0.0,0.0,-0.0,0.0
